isbn,average_rating
0380795272,3.85
1416949658,4.07
1857231082,3.77
0553803700,4.19
080213825X,2.82
0375913750,3.82
074349671X,3.50
0743454553,3.70
0765317508,4.22
0142501085,4.01
1442468351,4.43
1439152802,4.14
0399153942,3.70
0441017835,3.83
0590554107,4.09
1451648537,4.13
0590396560,4.08
000723368X,3.70
0803734735,4.00
1592243002,3.37
055337849X,4.38
0061150142,4.01
0739328271,3.79
0062076108,4.29
039925675X,4.18
1595543414,4.08
0446679097,4.19
0385339607,3.94
1250012570,4.07
0786838655,4.25
0440225450,4.02
0743484355,3.86
0670016780,3.79
0140621733,3.91
0061662763,4.15
006117758X,4.14
1423102266,3.95
067056172X,4.31
0385339097,3.83
0413757102,3.91
0441569595,3.90
0684833395,3.98
1416950737,3.62
0140501827,4.15
0099285444,4.01
0552555703,4.23
0671047345,4.31
0812995201,3.74
0812995341,3.76
0553589377,3.93
1476798176,3.80
0006640613,4.25
0395870828,4.18
1585678759,4.11
0425241130,3.94
0743417321,3.93
1598184318,4.04
0312571259,4.10
0345424646,4.05
0393062627,3.51
0312624670,4.12
0451235843,4.35
1400079497,3.77
1857988094,4.07
1423121309,3.95
0451169514,4.24
0061053562,4.27
0156949601,4.15
0446617792,4.08
0060096187,3.53
0345484088,4.10
0345379063,4.26
0060824972,3.88
0312932804,3.94
1857989341,4.09
0425234339,3.84
0765326264,4.36
0446580309,3.80
0812966929,3.91
0062049879,4.12
0007198914,3.67
0393307050,4.10
0802136834,4.11
0553590162,4.13
0439441722,4.18
0446611212,3.96
0061092193,4.38
034541005X,4.35
0670022411,4.00
1451683405,3.86
0440242916,4.12
0060586133,3.78
0061006629,3.98
0345519515,4.23
0316197084,4.02
0385341954,4.17
0345485793,3.89
0671888587,3.82
006170654X,3.70
0553560735,3.85
0316234478,3.57
1423140605,4.46
0224085611,3.24
0765335344,4.24
1423108760,4.04
0553293427,3.88
0739437585,4.06
068482535X,4.19
0141382899,4.35
0802151825,3.78
0452287065,4.03
034552795X,3.52
069401298X,4.23
0060852577,3.79
0385334230,3.87
0312349513,4.03
1561797464,4.05
0767915593,3.64
1400078776,3.82
0006161413,3.99
0385491069,3.68
0451208188,4.13
0312942303,4.19
0385366434,4.20
0345438310,4.26
0060652381,4.21
140690483X,4.32
0743482883,4.06
0060744545,4.32
0385907508,4.03
0385528787,4.00
0553804812,3.82
0312364687,3.59
0671702505,4.17
031605755X,3.91
0375701230,3.91
0582418275,4.02
041330860X,3.82
0399154302,3.69
0224064924,3.74
0345495357,3.98
0060760885,3.98
0375990690,3.61
0307347974,3.99
0547959206,3.97
0553535641,4.08
0312377037,4.23
0061020664,4.13
1416528636,3.78
0375822747,3.86
0375409289,3.15
0810984911,4.18
148234873X,4.24
0451216725,3.73
0743428188,4.04
0099366614,4.11
0385538030,3.00
0316134074,4.19
0385335970,4.32
0439286069,4.01
0553573357,3.93
0747560595,3.84
0345461622,4.24
0743234413,4.00
0425201376,4.12
0767900383,3.76
0739326228,4.11
1594481954,3.85
0385536073,
0765328666,3.87
0307272591,3.69
0871404028,3.61
0062306812,3.60
0739380338,4.51
0060827882,4.25
0385532458,3.61
0156030306,4.13
0375703055,3.78
0060548266,4.24
0399156240,4.27
0312997124,3.89
0670447161,4.25
0373250118,3.52
0316677469,2.69
1250069793,3.57
0425256758,4.30
0393346773,3.72
0140565337,4.26
0553584480,3.71
0061583073,4.31
1401341705,3.89
0753820331,3.95
1408319462,4.07
0060638508,4.02
0446608890,3.88
030734813X,4.02
0688147321,4.33
0375868704,3.93
0061931411,4.09
0751531189,4.27
074324754X,4.27
0552154288,4.23
1400030269,3.80
0061002828,4.04
0553573861,3.72
044101173X,4.15
0425205754,4.08
0451464397,4.56
0060554738,3.74
0671670689,3.89
1101875895,3.94
0340896965,3.79
0778325342,3.93
0385539703,3.70
0399156135,4.21
0743484363,3.92
006232005X,4.13
006102001X,3.49
0803734956,4.01
038553292X,4.14
0316216828,3.58
0446573108,4.14
068480154X,3.82
0399157212,3.59
0062267175,4.22
0399164421,4.32
0060786507,4.06
0061719544,3.97
0061929379,3.44
0380811081,4.05
0399157565,3.68
0385539126,3.91
0316056219,3.74
0345482409,3.90
0439568404,3.83
031624371X,4.33
0060512741,4.11
0786816589,3.62
0316250813,3.23
1408816032,4.34
0399154779,3.97
1476789258,3.57
1481420763,4.29
1594561753,4.06
0316154512,3.10
0439405572,3.90
0553807188,3.96
0765336413,4.13
1596435739,4.00
0312938829,4.21
0515142891,4.08
143914799X,4.09
0394895894,3.77
0804139024,4.40
1451681739,4.03
0375990674,3.77
1416595163,4.34
141659518X,4.23
0679772677,3.97
031632468X,3.15
1842322761,3.94
0586217835,4.32
0345388666,3.97
0751504386,3.96
1595542779,3.80
0505527847,3.98
1414334095,4.37
0399157441,4.12
0670020559,3.51
0446602213,3.65
0345435168,3.70
0345515633,4.12
0451458923,4.29
0316204366,3.94
067973225X,3.71
0373210337,3.81
0345460065,3.91
0316002895,4.07
0446556815,4.35
0061836923,3.73
0752860550,3.76
1849234752,4.30
0446692654,3.97
0062284835,3.74
0553376055,3.58
0743223136,4.06
0312364083,4.08
0439023513,4.04
0380815583,4.07
0425067823,3.63
0446545244,4.02
0758216416,3.94
031285787X,4.00
0316024643,3.85
0142401447,4.00
1416549978,4.08
0413771164,4.27
1842431021,3.67
0552152161,4.10
1439102414,3.87
0061985880,3.98
0140013083,3.93
0140558640,4.24
1620610078,4.20
1250077699,4.21
0060744871,4.20
0385333900,3.82
0060513098,4.34
0446693804,4.17
1416975888,4.45
1401322786,3.86
0345347951,4.11
0385735294,4.11
0061020648,4.33
006093316X,4.05
1936305623,4.00
0312939035,3.90
0765348802,4.42
0399158820,4.26
0060739428,3.71
0143417231,3.30
0385342020,3.83
0446402400,3.80
0345418417,3.87
1423134494,3.98
0553805487,4.07
0743281640,4.20
0316037885,3.95
0345487133,3.96
0316009857,3.95
0812508440,4.19
034525855X,3.92
0553813145,4.37
0786890754,4.02
0060598328,3.79
0765343436,4.27
0515121843,4.24
0450040186,4.22
1568650949,3.82
0060734000,3.86
0770430074,3.91
0385739141,3.88
0385542070,3.67
1423104870,4.14
0692572031,3.95
0743422449,3.58
0312364105,3.94
2266120921,4.27
0758290411,3.88
0671729454,3.77
0345503813,4.22
1101946342,3.79
0553804804,3.98
044021145X,4.05
1416950079,4.29
0061284203,4.30
1597372552,4.13
0061726834,3.98
0886774268,4.27
8129115301,3.43
0345418425,3.91
1596434465,4.07
0375706410,3.51
1599906953,4.22
0393065782,4.46
0553805460,3.72
006053124X,4.03
0425189031,4.39
0743253426,3.88
006124242X,4.24
0399150862,3.85
1590385810,4.10
0743233492,3.96
0307269760,3.82
0425143325,4.18
0802734375,3.95
0671027638,3.55
0345481291,3.89
0440225442,4.08
0312933541,3.93
0312941919,4.18
1606841750,3.93
0385743602,4.19
0060935499,4.20
0446610178,3.57
0671578855,4.43
0425267040,3.95
0316166294,4.13
1250019672,3.83
0307341542,3.97
0440226708,4.17
0312554192,3.89
1455536253,4.15
0804188246,3.64
1439166641,3.72
0515144665,4.16
0575075066,3.85
0749934395,4.33
1937248097,3.82
068987121X,3.85
0425267083,4.01
0812992792,4.07
0399162437,3.63
0553582917,4.04
1416571736,3.93
0062317148,3.76
0316097527,4.06
1599903385,3.71
0753510995,3.93
076534629X,3.89
0062194720,4.28
0812966295,3.80
0446694843,3.73
1416951172,3.59
0140042520,3.92
0743231511,3.79
0446613355,3.94
0441010288,3.98
0399162593,4.29
0752849190,4.05
0142401102,3.94
0345313151,3.95
1616149981,3.97
0007191324,4.31
0399155015,4.20
0441627404,4.07
1933718552,3.97
0140260706,3.94
0099549344,3.92
0140230270,3.60
0061138061,4.45
1416505016,4.38
0803734964,4.14
0552152951,4.28
1439102724,3.77
0312426232,3.84
0061449121,4.18
0765357054,3.99
067001821X,4.02
1250060559,4.00
0061668060,3.98
1414336241,4.33
0553589458,4.06
1594631573,3.15
0061094145,4.26
0446608815,4.00
0142501107,3.97
0399161481,4.16
042520992X,3.92
0679745580,4.07
1400033446,3.93
0141043768,4.08
044657967X,4.01
0312983220,4.10
0345443284,3.69
0385352093,3.78
0553392921,4.52
0140086838,3.77
0752876457,4.14
0786901640,4.17
0062235672,4.05
0064472795,3.69
0399256776,4.35
0061692042,3.50
043933909X,4.16
1442430001,3.87
0307119394,4.22
0756403014,3.95
0395137195,3.96
1595540342,4.30
1439191379,4.29
147679250X,3.91
0446699535,4.08
0843955287,4.00
0316051594,3.89
0316101842,3.89
2266079999,4.14
0340881542,4.28
0553584502,3.78
1921351438,3.88
1596912855,3.54
1554682746,3.69
1416963960,3.80
0061583227,4.15
1416532358,3.97
0778324516,4.16
1565126297,3.67
0060182989,3.32
0425099334,3.91
0451225090,3.99
0062280678,3.83
0553382616,3.82
0060887370,3.99
0385733410,3.94
0312986343,3.69
0062331159,3.70
0679732268,3.94
1595141987,4.34
1892295490,3.42
0451209435,3.45
0345454944,4.19
0060548258,4.13
0575079797,4.16
0394298667,4.16
031236847X,4.05
0557364639,3.82
0141311371,4.23
0312954468,4.21
0688114490,4.25
0515144592,4.13
1455521213,4.09
0399154701,4.31
0991686004,4.13
1416960597,3.81
1587672286,3.45
0743290119,3.34
0976165910,3.75
0330376152,3.89
0061240273,3.86
0689860072,4.28
0767912276,3.63
0373777922,3.92
0307595129,3.37
0316018953,3.95
0767912241,3.62
0380817934,3.94
0978970764,3.90
0380712040,4.17
0758216424,4.07
0312360401,4.05
0142401757,3.91
0345505719,3.96
0316084220,3.81
0099578514,3.98
1250091845,4.23
0441020429,4.43
1423140591,4.44
055358359X,4.10
0425190447,3.91
0345484274,3.89
0451933028,4.44
0062220969,3.64
0553248642,4.03
0446195502,4.19
0641645473,4.14
0061020001,3.40
0812517725,4.23
0142408786,3.98
1400068320,3.61
0763619612,4.18
0751530492,4.07
0316012823,3.81
0451219945,3.92
0844662925,4.11
1250022088,4.22
0553282093,3.89
0440212812,3.89
0743454537,4.07
0142000205,3.70
0590396439,4.15
0307588920,3.84
1101875100,4.00
0375701907,4.02
074326195X,3.90
0553277405,3.90
0756409608,4.17
0373210582,4.04
0670018708,4.30
006083577X,4.37
078685197X,4.13
0425204693,4.04
0812550706,4.30
0743442849,4.26
1416509879,4.19
1416521690,4.47
0061148512,4.00
0330412744,3.22
0671744216,4.26
0375814701,4.26
0399148701,3.68
0765318415,3.50
031603617X,4.07
1846054761,3.78
0099453452,4.27
1466867507,4.17
0743265025,3.53
0156031566,3.90
1594487561,3.98
084394952X,4.35
0345335708,4.16
0316123404,4.25
0425197395,3.78
0739465511,4.16
075280944X,4.24
1599904780,4.05
0316068047,3.84
1439147973,3.87
042519485X,3.82
1411608313,4.00
0345475836,4.07
0552148032,4.10
144242673X,4.12
0399167838,3.90
1401204953,3.91
0743243315,3.41
0380820854,3.89
0553499114,4.30
141971189X,4.34
0727853414,3.58
0553418297,3.85
0310247535,4.26
0440229081,3.80
0747541604,4.18
0330369032,3.86
1451629184,3.91
0743225082,3.57
0060256656,4.37
0062059939,4.14
0140283331,3.68
0399169520,3.59
0552154180,4.00
0064473457,3.92
0316261130,3.78
0812984277,3.42
1442409096,3.80
0816638624,4.10
0545424984,4.29
0553295411,4.07
0312364423,4.17
0425214435,4.18
0425213978,3.57
1849231842,4.18
0007120680,3.66
054522490X,4.09
0441013813,4.17
0451461037,4.41
0399155988,4.18
0743496728,4.12
0743466527,3.96
1451617720,3.70
0694011479,4.22
0007117140,4.13
1453688935,3.88
1463756976,4.12
0142001821,3.88
1402262272,3.86
1931514607,4.10
0671027581,4.01
0441172695,3.88
1401324436,3.93
0743294270,3.68
0441783589,4.01
1937053164,4.39
0517223007,4.09
0755328175,3.84
067172939X,3.98
0758216432,4.14
006079156X,3.99
1402284314,4.01
0385351399,3.43
0451224639,4.16
0439796636,4.15
0451239350,4.31
0425157539,4.18
0553588486,4.45
0061433012,4.07
0316098337,4.06
1423121325,4.08
0553573764,4.07
0062430874,3.99
0001713221,4.18
0060786469,3.99
0312369506,4.32
192076920X,4.27
0553575422,4.08
0553266306,4.26
1857984986,3.93
0552992097,3.91
1501132938,3.69
0679753338,4.11
1414368186,4.11
0061120073,4.26
0393079988,3.48
0440800463,4.09
0060590319,3.97
0062377183,3.77
0544303164,3.64
0689869126,4.19
000748805X,3.79
0451458125,4.03
0060593083,3.93
0670012947,3.96
0425201449,4.05
0743437314,3.95
1423194551,4.26
0141014083,4.55
006173506X,3.43
0399154345,3.97
0060512148,3.75
0915297019,4.06
159514398X,4.02
125011117X,3.75
0689846231,4.00
0060724552,3.68
0312546564,4.28
023070395X,3.78
0142405787,4.17
0449221490,3.92
0689857705,3.84
0446674575,3.64
0446350982,4.10
1400080665,3.70
0061257095,3.99
0385539258,4.31
034553283X,3.81
0399168796,4.20
0802798233,4.06
080508052X,4.25
1455503258,3.30
0764200119,4.21
0812541626,3.76
0060988649,2.82
0446321214,3.53
0330369954,3.92
0062380877,4.10
0756402697,3.95
0525478817,4.22
1450595987,4.33
0684853159,3.84
0446614459,4.00
0380820889,4.09
1442435003,4.13
0671876465,4.33
0670021474,3.42
0316074152,4.01
0156030373,3.47
0142002054,3.60
0062076116,4.29
1841493341,3.83
0451217454,3.96
1580495869,3.24
1841497975,4.28
0446577391,4.12
0060090383,3.96
031262168X,3.59
1841150509,3.81
0739377728,3.95
0553381342,3.86
2264022442,3.76
0345807952,3.35
0670021679,3.83
0316921173,4.29
0765354063,4.10
0441013465,4.05
140679239X,3.78
0312656289,3.90
0441015271,4.37
1416974520,4.20
0439050227,4.23
1476731535,4.21
0425212033,3.89
0345496876,3.96
097915930X,3.47
039515023X,4.14
0749932775,4.20
0812997530,3.23
0140089225,4.05
0675093244,4.07
044669567X,3.84
0064440206,4.20
0689865384,3.86
0553582461,4.42
0061138010,4.35
044900483X,4.06
0446604844,4.08
0449213447,4.05
075283455X,4.15
0684815001,4.29
0676979564,3.77
0142002070,3.89
0547152604,4.20
0375724370,3.57
0316036196,4.06
8176210773,4.16
184243022X,4.05
1434764338,4.03
0345396553,3.96
042524413X,4.22
0689840349,4.01
0440236703,4.11
1937053148,4.38
0307596850,3.16
1500607533,3.79
0553816713,4.10
0553582747,4.03
0060959037,4.00
0152802177,4.24
1560974273,3.83
0812968972,3.81
0312934327,4.18
0399156577,4.14
0743271327,3.94
0425198731,3.77
1439102759,3.70
0061996181,4.12
0963192566,3.72
0199291152,4.14
0061015725,3.75
0739464469,3.74
0385339410,3.50
0375760385,4.30
1565125967,3.26
0752864327,4.02
0345496574,4.27
0451461894,4.44
0142000663,3.96
0575077026,3.96
0345339738,4.53
0545040566,3.86
006074457X,4.33
0988393506,3.75
1860498809,3.96
1616203048,3.60
1594200823,4.18
0380803267,3.98
044657449X,4.20
0439858054,4.22
031612611X,3.97
0739418378,3.75
059039696X,4.19
0446603775,4.12
0330418874,3.83
0099465639,4.17
0007325983,4.47
0451188462,3.82
0547251270,4.26
0671877836,4.25
0316187712,4.49
0752876813,3.91
0553565079,4.16
0316334529,3.72
0060809086,4.14
0440236738,4.10
0385341962,4.24
0441014895,4.07
0689840926,3.72
0441017150,4.02
1405258217,4.05
1606841440,3.79
0316187747,4.22
0316097772,3.22
0312370156,3.88
0545135702,3.88
0763655988,4.39
0330449605,4.14
0316767727,4.19
0062268341,3.83
0060838728,3.93
0718154959,3.80
000710653X,3.97
0446569895,4.08
0743294386,3.90
0930452895,4.26
1414310560,4.33
1455807044,4.16
061870986X,3.78
034553364X,4.28
0060577371,4.00
0141184272,3.87
0812515285,4.14
0743299841,3.67
0399155341,4.47
0451463722,4.22
039925482X,4.03
1573226521,3.94
1416918736,3.79
1250014522,4.23
0803738552,4.16
0446528056,4.03
0142000655,4.37
0385341636,4.32
0670061050,4.06
0312424094,3.82
0060757639,3.39
0141439882,3.85
0756401933,4.21
0451211472,3.82
0061767581,3.36
0307277712,3.59
0553582933,3.84
0446500038,4.25
0140621318,3.86
0515126772,4.22
0590554115,4.17
0425241505,4.11
0749748001,4.25
0393318486,3.98
0385732554,4.13
0743453964,4.32
0743269268,3.71
0425270696,4.56
0440975344,3.78
0060608528,4.28
0525953507,3.87
0671042572,3.67
0679879242,3.98
038531387X,3.88
0316043893,3.71
0676977731,4.01
0007158475,4.07
0385611072,4.35
0316219126,4.37
0385344406,4.12
0345544927,3.97
009959241X,3.92
0330311735,3.95
0874778883,4.08
0452298385,3.97
0312181108,4.00
159514322X,4.23
0399158278,4.20
0446699454,3.87
0345497457,4.12
0807083690,4.24
0061345695,3.86
0451412354,4.30
0061726818,3.91
0553119222,4.11
0192833596,3.77
0446696129,4.11
0743484274,3.90
0765354942,4.02
0425267067,4.00
0573613311,4.04
052595158X,3.98
006098824X,3.54
0356501507,4.18
1841494186,4.07
0553575376,4.21
1430300612,3.88
0312555113,3.85
0385533853,3.68
0553214322,3.73
0141301066,4.31
0446695661,3.93
0812974018,3.99
0061259349,4.05
1842430351,4.25
0316018600,3.69
0312990960,3.85
0060987049,3.88
0312577206,4.12
0553258478,4.34
1442402008,3.87
0060534052,4.08
0451209303,4.24
0515142883,4.04
0316036064,3.89
1439187312,4.15
1476789630,3.49
0140169300,4.27
0345330137,3.89
0399252517,4.15
0142002801,4.29
1501101536,4.12
0425203891,3.84
081297235X,3.39
141699792X,4.10
0765319853,3.93
0330419641,4.16
0375761411,4.09
067155302X,4.11
0312591829,3.71
0192838628,4.16
0671704656,3.94
1250049377,3.55
0473235501,4.00
067972477X,4.27
0091940737,3.73
2290011150,4.09
0385339593,3.69
0758266944,4.04
0446364800,4.09
0307098222,4.26
1682305031,4.07
0767904427,3.91
0375421874,3.83
0749934085,4.28
1400063841,3.76
0842382895,4.45
0446564087,4.02
0393312801,3.71
0060584025,3.62
0399153357,4.21
1476712980,4.21
0670020486,3.33
1442422017,3.79
0385337930,3.70
0140620613,3.43
0425247546,3.82
0385340605,3.95
0765316897,4.49
0786887079,3.41
1585673927,4.27
0345335651,4.14
0545142997,3.47
0763631620,4.01
0061043559,4.21
0375703861,3.77
1501117203,3.89
0399256202,4.40
0684193957,4.06
0618007016,4.16
0857532014,4.21
0399158448,3.95
0060788380,4.33
0679746048,3.90
0345441702,3.97
0061474096,4.19
1419704281,3.94
0439845823,3.92
0425150984,4.26
0385353774,3.40
0439474299,3.82
0515128546,4.19
0670025488,3.66
1442406593,4.01
0310226058,4.14
1600963943,3.84
1414339364,3.38
0140283358,3.93
0425208435,3.74
0778324826,3.85
0061714305,3.94
0060525614,4.42
1419151126,3.61
0439903440,3.95
0061728918,3.57
0312349491,4.09
0142301515,4.19
0312241224,4.11
0752816993,3.98
1595540075,3.94
0316081051,3.85
0061714321,4.02
0316002860,3.86
0312374976,4.00
0060827645,4.32
038549081X,4.11
0062409859,3.31
038534385X,4.19
0553381679,4.05
0439829127,4.20
0805080481,3.99
0394720954,4.42
0425134350,4.14
0006513220,4.31
0060590297,3.83
0545540607,4.32
0557489563,3.97
0571215289,3.79
0552998761,4.03
0345451902,4.25
0062085611,4.11
0007202326,4.03
0449000664,3.98
0876855966,3.92
0590396056,4.01
0586026193,3.95
1476785597,3.89
031242440X,3.85
0689848919,3.92
0451209133,4.23
0380817926,4.03
1421820609,3.77
0062267523,4.03
0671004239,4.11
0062491792,3.81
055380555X,4.01
0553803077,3.73
0545324092,4.08
0345363310,4.05
0385265700,3.85
0316954993,4.41
0575077883,4.29
0061051586,4.15
0385515049,3.59
141658661X,4.27
0062285637,4.17
0670026638,4.01
0060837381,3.90
1250015545,3.67
0345434803,3.76
1847673767,3.41
0451471474,3.77
0385351232,3.63
0152010661,4.17
0440421705,3.82
0316194689,3.86
1455559822,4.07
0374116342,3.86
044024160X,4.30
0373210183,4.23
0312642962,4.28
0316068225,4.51
0375700811,4.06
1484724917,4.42
0143035746,3.93
0553804332,4.13
158648303X,4.27
0060988657,3.28
0804113475,3.72
0425142485,3.61
0375758232,3.76
0679728740,3.85
0340893613,3.70
0425192032,4.06
0312949812,4.09
0425212696,3.93
0804138818,3.42
0743298020,3.96
0140132937,4.16
0753453800,3.83
0812511816,4.19
0312377045,4.35
1594488878,3.49
0670038571,3.55
0312361270,3.27
031298166X,4.04
0312984839,4.39
0385528779,4.07
0307263940,3.55
1480095532,4.24
1846164257,3.99
0679805273,4.36
1400066124,4.08
0316066346,3.79
0670063118,4.11
1409135195,4.22
0886773687,4.12
0743227441,4.06
0525952276,3.88
0451219953,3.60
0802135781,3.81
0747266921,4.00
0671733419,4.02
0330411969,4.09
0765326582,3.77
0886779065,4.05
0684822761,3.79
0525952926,4.33
0312936222,4.14
0778324338,4.13
042510687X,3.98
0141183535,4.15
1405209496,4.10
0747553866,4.11
0061974618,
1442454148,4.30
0142406139,4.12
0670061107,3.48
0385537131,4.01
0316010707,3.83
1250128544,4.09
0061351423,3.97
0553153382,3.88
0749391685,3.95
0451200810,4.20
1844285073,4.25
0007169957,4.03
0425169693,3.69
0671702513,4.22
1400064759,3.74
193636574X,3.29
140006788X,3.78
0671449028,4.23
1416599398,4.31
0446609404,3.86
076532699X,4.03
0316010766,4.07
0380821214,3.75
0515133310,4.01
0002314576,3.91
0937611352,4.36
0399173595,3.67
0755379284,3.70
1250046394,4.32
1250095255,3.95
0749934409,4.35
1455521191,4.16
1420100963,3.89
0804192979,3.97
0142001740,4.05
0380756277,4.06
0345427637,3.99
1439102430,3.88
0446696161,3.87
1451686633,3.70
0743272498,3.90
0142408808,3.99
0385338600,4.07
0062271121,3.67
0802139256,4.00
0380790076,3.85
0312932812,3.78
0743272501,3.87
1599900734,4.02
0425238814,3.92
0767907817,3.72
0399216197,4.05
1400063973,3.64
0553381334,3.83
0441013406,4.27
1594488800,3.54
0545123267,3.77
0812520475,3.87
0440164842,4.25
0141187492,3.85
006233638X,3.92
0876850867,3.99
0767903862,4.07
1595143181,4.35
0399256938,3.85
1250006325,4.04
0156007479,3.71
0349117624,3.66
0007524277,3.63
0449818438,3.87
0140186301,3.78
0446583146,3.74
0061449067,4.03
1476791619,4.26
0316041440,4.02
0689875347,3.79
1627792120,4.46
0394574753,4.13
0553803727,4.22
0446675539,4.30
0843955430,3.96
1416516859,3.89
1442152613,3.92
0553288202,4.20
0804179034,4.09
1400031702,4.10
1416995552,4.10
0449912426,4.48
0060788194,4.29
1416530711,4.17
0450542882,3.93
0380018179,4.23
1250034604,3.96
0345457714,3.95
0446195510,3.87
0060764902,4.04
0679720219,3.99
0061140988,3.74
0307277674,3.84
0060725125,4.07
0061345725,3.91
0241141826,3.73
0786849568,4.00
0316018589,3.78
0399214577,4.22
0385344228,3.98
0312306342,3.72
1594485755,3.93
0553589172,4.05
0575132507,4.20
0060562498,4.14
1476728747,4.15
0575077166,4.16
074347788X,4.21
0393328627,3.92
1400068312,3.36
038533916X,4.28
1557488150,4.17
1467964409,3.81
1439172560,3.61
0451229851,4.41
0451222725,4.12
1594204993,3.97
0316952664,4.38
0515141658,4.14
0241963745,3.55
006621131X,4.15
0316778508,3.57
0060596988,3.92
0425205967,3.83
014023828X,3.65
0316910333,3.52
1741662095,4.32
0062073125,4.19
0345485750,3.92
0062217070,3.90
0061240850,3.92
0060759968,3.57
0316713732,3.49
0440243750,3.84
0765348276,4.24
0452287898,3.71
0425263908,4.18
1451645821,4.19
0374480095,3.87
0743430336,4.13
0451461991,4.09
0440240948,4.18
0307599469,3.03
0545060494,4.00
0312939019,3.91
0374324913,4.11
0143039946,4.00
0345485777,3.94
0060855924,3.99
0552150215,4.13
1455520616,3.96
067976402X,3.84
1585673692,4.15
1897299214,3.92
0553582453,4.33
0767919408,4.08
0312650094,4.10
0439679966,3.98
1781162646,3.91
0061449091,4.09
0515141399,4.00
1416953582,3.95
0743470125,3.65
0671737635,4.32
0525952764,4.19
1592402739,3.54
0425141233,4.26
0385743580,4.28
0307990672,3.96
045146379X,4.25
0670072818,3.91
044619154X,4.00
0451460936,3.70
0143034758,4.23
0373210515,4.09
0151189781,4.29
0765305119,4.25
0345417968,3.24
0060724617,3.83
0345324390,3.87
0812577566,4.14
1841954802,3.72
1594482306,3.70
0062320521,3.56
1416595201,4.30
1414310552,4.34
0060880120,3.55
1410400964,3.96
0385339674,3.73
1560760478,4.22
1841497126,4.21
0802723462,3.93
0751554154,4.06
0399250484,3.26
0749934131,4.35
1400052297,4.19
1442436646,4.14
0545415071,3.88
1501111671,3.92
0099267543,3.72
151166066X,4.13
0553820273,4.19
0316032220,3.79
0451210557,4.08
0307377326,4.19
1591141273,4.07
0671721720,4.22
0739455834,3.99
0670011304,3.84
1594205418,3.38
0446677388,3.96
0440132940,4.00
1101875941,3.28
0749909056,4.21
0099489988,3.78
0061059927,3.53
0446616621,4.09
0316735507,4.13
1595142509,4.36
0812551494,3.86
0809510839,3.82
0062060554,3.88
1857236653,4.13
0062072099,4.15
0373772467,4.08
0099437597,4.00
0439236193,3.98
0142437298,3.78
0802135226,4.11
0345451325,4.27
1595143203,4.37
1599903423,3.94
0451215737,4.19
1477817158,4.12
0060725133,4.09
0373210051,4.09
0743297334,3.82
0758266928,3.95
0671540661,3.80
0307271080,4.30
0451208706,3.88
0451457811,4.01
1423128192,3.98
0345335457,4.13
038533379X,3.98
0425176657,3.61
0061092037,3.77
0345418476,3.98
0670059838,4.29
0312348266,3.74
0756405718,3.75
0345450728,3.70
0446546933,4.29
0552154229,4.27
0810970686,4.14
0330247042,4.12
0062285505,3.96
0060092572,3.36
0553588184,4.19
0758232004,4.18
0375829830,3.97
031609966X,3.90
0330448447,3.95
0586064176,4.07
0450417395,4.16
0679889108,4.35
0140309276,4.09
0765348810,4.33
1423157370,4.19
0374384681,3.99
0345397673,3.96
145210655X,4.15
0140157727,3.85
1416974512,4.20
0374260508,3.77
0316296198,4.05
147675666X,3.70
0312380828,3.58
0545040523,3.77
0552152676,4.32
0525456074,4.17
0446531383,3.86
0312992424,4.36
0451529308,4.07
0061128643,3.72
0007120710,3.88
0393081508,3.97
1408810441,4.03
038553714X,3.57
0345545966,3.60
1582346178,3.54
0812974611,3.82
0786887583,4.12
1594488134,3.83
0553588265,3.97
0618724834,4.08
0062014536,3.74
0786838922,3.69
0394757688,4.22
0441009425,3.98
0738718688,4.04
0007158491,3.98
1456527738,4.17
0679456201,4.08
0439700930,3.73
1555977073,4.03
0307376656,4.10
1741663024,4.39
0340895934,3.67
0333761189,3.94
0062059998,4.20
0062004018,3.99
0749934433,4.37
0375758771,3.97
3552060413,3.87
1451664125,3.67
1400043875,3.56
1612187145,3.89
044657161X,3.91
1595141715,3.94
0385528043,3.84
0060557818,4.17
0440339340,4.21
0440222656,3.81
0062279874,3.92
1409113965,3.81
0440244498,
0316955108,4.25
0553213172,4.23
0340796146,4.09
006056251X,4.25
2020418770,3.96
014132502X,4.09
1400097037,3.70
0345497627,4.10
0545060486,4.05
0345539478,4.19
0374193681,3.89
1419953249,4.28
1421808307,3.85
1416586571,4.13
0345542924,3.84
0553589482,4.15
0553282980,4.22
0385521383,4.14
0064472809,3.77
0061784796,4.23
0545240778,3.82
0312957572,4.12
0312423799,4.03
044023803X,4.15
0061998168,4.38
1936365537,3.95
0312569033,3.90
1416509887,4.30
0140280464,3.96
0525951989,3.91
1841499889,4.26
0061992704,3.99
0307594173,3.74
0451461401,4.40
0307381757,4.22
0373210272,4.12
1596436581,3.81
0440245265,4.28
141655484X,3.72
0345539788,4.27
0451475496,3.90
0375836977,4.26
014131088X,4.02
0064440583,4.25
1419702173,3.93
0316037834,3.92
0670012254,3.85
1476759545,4.05
0553575651,4.22
0143036661,3.75
044101769X,4.38
0679800034,4.18
0007175191,4.17
0515089931,4.50
039480001X,4.17
0142003239,3.62
0553578529,4.11
1416963987,3.69
0671725661,4.14
0441010644,4.14
0307590615,3.80
144240907X,3.78
0670022691,4.04
147111810X,4.23
0375508333,3.78
0505525534,4.13
0385521723,4.13
0446611638,4.18
0062422960,3.80
042518546X,3.93
0316734837,3.88
0312595670,3.98
0060577363,4.00
0316769177,3.80
0441012396,3.89
0345545850,4.23
0451165667,4.10
0385755929,3.88
0007563035,3.65
0545424941,4.26
0446611778,4.04
0307277887,3.90
0702229784,3.73
0515142867,3.97
0451215710,3.58
0340682388,4.05
076790284X,3.76
0385341598,4.13
0373210035,3.88
0451220897,4.06
031608106X,4.10
1595143998,4.09
0525954570,4.14
0312537409,3.75
0062107313,3.64
0060786523,4.11
0515128554,4.15
0451199863,3.86
1455501476,4.06
1406310263,4.21
074326603X,4.09
1616960922,4.35
0452286034,4.05
0142407380,4.12
0425285049,3.69
0060741872,4.08
0749934123,4.27
0452283868,3.93
0061020702,3.97
042520426X,4.37
0061143316,3.64
0099366711,4.21
0679772669,3.87
043977134X,4.01
0099461889,3.71
0440244501,4.18
0375705198,3.82
1442444924,4.05
1936305380,4.19
055357342X,4.54
1439164630,3.97
0812976142,4.06
0425204308,4.18
0553575384,4.13
145161747X,4.05
0399167064,4.27
0345481305,3.89
0385742886,3.72
1414315716,4.09
0312305060,3.93
0888994168,3.98
0061566128,4.05
042528011X,4.15
0312933533,3.84
0804136572,3.86
0743249291,3.31
0842345523,4.22
0806512814,4.18
0312265050,3.94
0061922315,3.98
0891343377,4.02
1400067111,3.90
0385350813,3.75
1250000238,4.07
0515138819,3.85
054705484X,3.73
1935089447,3.82
044661002X,4.20
0060012382,4.27
1476727910,4.09
1595143173,4.21
0618680004,3.90
0451459407,4.31
0375507256,4.02
0613371658,3.79
0152002650,4.16
1579126294,3.99
1480114480,4.04
1408808870,2.78
0749941995,3.94
0515116750,4.15
1595540067,4.05
0743271181,4.27
0812508424,4.17
0679722769,3.73
1596430699,4.20
0553269828,3.67
0062049801,3.87
0786851473,3.95
0786891122,4.11
0373210264,3.81
0062124366,3.63
0543904709,3.90
1862301387,4.12
0451226259,4.00
1423108361,4.08
0340752475,4.30
000735049X,4.01
0803733062,3.98
0380803275,4.03
0399256180,4.28
0451412702,4.15
0152024174,3.98
0060584750,4.18
031624662X,3.98
0345494997,3.76
0385525001,3.44
0061957933,4.43
0767905180,3.65
061579615X,3.93
0140249435,3.91
006440630X,3.72
077832740X,3.93
0345419391,3.86
141659521X,4.35
0316261246,3.83
1455521205,4.07
0590920685,3.98
0312380720,3.87
0345803507,3.86
0399164448,4.30
1571316515,3.77
0590554093,4.09
0099910101,3.81
0425195481,3.90
0425213617,3.96
0786818611,4.26
0446585025,3.72
0373210639,4.17
0385486804,3.98
0307263991,3.24
1502541858,4.15
125005480X,3.60
0670026328,3.85
1250109302,4.10
0062208195,4.24
0385738757,3.92
1416516352,4.31
0062001035,3.87
0060086246,3.81
0061974552,4.16
0060755865,3.81
006074068X,3.84
0425116840,4.04
0312937660,4.23
057506689X,4.04
0099481243,3.63
0446672211,4.02
1451665601,3.64
0525952993,3.81
0786851716,4.21
009947137X,3.83
0446362662,4.02
0452287057,4.11
006204964X,3.60
0545060451,4.00
1400096685,3.61
0525951059,3.97
0439856264,3.79
0316252964,3.96
1416927883,4.07
037321099X,4.27
0440418518,3.89
1459245954,3.95
0345505514,3.90
0062116851,4.15
0803736991,4.00
0425223256,4.22
1405088834,4.25
0349103232,4.05
0802131867,3.68
140006466X,3.60
0340739304,4.07
0425138232,3.98
0812970438,4.18
0441011241,4.05
055350584X,4.17
1579126251,4.05
0575058080,4.08
1250006333,4.08
0446695718,3.94
0375955712,3.80
1408857901,4.47
149262246X,3.67
0671011332,4.33
0553578553,4.21
0006513905,3.57
0749934174,4.36
0805072454,4.07
0425263916,4.32
045121577X,3.96
0618446877,3.96
0425199584,3.78
0553278223,4.14
037377138X,3.80
0385737947,4.02
0316182540,3.97
0007325940,4.44
0307272583,3.47
0061668036,3.75
1579126243,4.01
1595542884,4.04
0060733497,4.28
0316201642,3.84
0307700003,3.63
0553813153,4.44
044018293X,3.91
0061728934,3.62
0061767603,3.52
0786891076,3.43
146109111X,4.10
0451463803,3.96
0316246654,4.06
0316055433,3.91
0743484193,4.23
0778319059,3.56
0345322215,3.94
080411109X,3.99
0152050841,3.99
0345439104,3.74
0441019455,4.10
0451203267,4.14
0441008534,3.96
0142002046,3.80
0375509321,3.69
0142422959,4.01
0312349998,3.42
0307594165,3.76
1401303277,4.10
0440174643,4.44
1416509372,4.13
0061020680,4.24
0385349580,4.17
0452276721,4.11
014132063X,4.24
1573229725,4.03
1905294964,4.18
0440210690,3.90
0812550293,3.92
0062209841,3.83
080509461X,4.13
0142002038,3.77
1465341889,3.94
0312364121,4.18
0345476980,4.12
0553588117,3.98
0670175919,4.20
0385340567,3.91
0670026603,4.26
030711838X,4.28
0671685635,3.95
0679774025,4.11
0064409597,4.03
0062235796,3.87
0751537284,3.78
0385736843,3.91
0345472454,3.62
067172942X,3.90
0385664443,3.48
0307356361,3.25
0385534817,3.66
0373775814,4.42
045057458X,3.92
0752837214,3.97
0802130917,3.94
0062073168,4.12
0446696587,3.80
067102731X,3.98
1400066336,3.83
0394826205,4.14
0425205819,4.11
0553804677,4.30
1439136807,4.38
0316013560,4.24
0140274219,3.58
0307279901,3.68
0399167846,4.07
0340796154,4.02
0007157150,3.93
0333725034,4.21
0440221315,3.93
1596911050,3.69
0316015849,3.59
1250000246,4.17
034551548X,4.16
1596060204,3.91
1609074602,4.17
0312539517,3.93
038073186X,4.09
0553381660,4.00
0743499697,4.26
0805078983,3.99
0553578685,4.16
0061668095,4.11
0752224417,3.78
1423157516,4.27
0749909226,4.29
9381626715,3.67
0452287146,3.70
0316160202,3.69
1847679447,3.47
0061345660,3.63
0143035061,4.30
0060531231,4.03
0345548485,4.28
0060093366,3.71
0441014011,4.04
044653109X,4.02
052595192X,4.11
0060725117,4.04
0007178379,3.85
031619008X,3.81
0380014300,4.09
0593046315,4.37
081299325X,3.66
0425197549,4.02
0385474547,3.66
0312976275,4.19
0142401773,3.93
0446612731,4.10
1416521836,3.88
0749934417,4.35
0007208006,4.20
006053284X,4.15
1841493007,3.97
0316123358,4.30
0316777730,4.09
1419710206,4.21
0345327861,4.10
1416585834,3.86
0525422242,4.34
1250076420,3.80
0156904365,4.19
0142501093,4.00
0224097008,3.73
1597800449,4.02
0060724560,3.70
0670060291,3.75
0060955228,3.79
1455521310,4.08
000100039X,4.23
0312593317,3.34
174166134X,4.34
0452282829,3.73
0545052424,4.19
0843958448,4.17
0142501557,4.03
0802720854,4.20
0752858491,4.05
0060560118,3.79
1423118235,4.18
0345422406,3.73
0425263150,3.70
0545060397,3.84
0399175164,4.20
0061187844,3.54
055327094X,4.19
1442426640,4.13
0316113786,3.52
0449912558,4.16
1606840576,3.80
1523662441,4.04
0345542886,3.80
0446618675,4.04
0061119725,4.19
0062004042,4.17
0061161705,3.98
0375700455,4.03
0060564679,4.06
0439598389,4.25
0553584707,3.83
080413717X,4.11
0007120818,3.59
0143036378,3.84
1416974504,4.05
0385741391,3.86
0316069515,4.13
044101268X,4.12
0515122734,3.90
0439227143,3.87
0345450744,4.02
1627795944,3.99
0743211375,3.45
0552152978,4.30
1922182109,3.60
0679747656,4.31
031215125X,4.21
0778324109,3.91
1406501069,4.07
0345808002,3.96
0060080841,3.76
0312983603,3.97
1573227889,4.01
0684859734,3.99
0385333781,3.87
0312651198,4.13
0375865861,3.89
184391400X,4.08
0756404738,4.57
0312156960,4.27
0062026089,3.93
0060652942,4.09
0679723692,4.28
0375724508,4.05
0312383282,4.00
0385491026,3.94
141697170X,4.38
0671004549,3.87
0553804790,3.80
0679722637,3.95
1559363304,4.19
0425224201,3.93
0375832998,3.84
0486410226,4.01
0312890176,4.02
0553281747,3.99
0385669852,3.65
1572245379,4.24
0425144372,4.11
0385720920,3.70
0739467042,3.99
0452269652,3.81
0312554168,3.74
0345379624,3.97
0425259854,3.93
0521293731,3.70
0743294254,3.72
0618194576,4.25
0689861133,4.20
0679457143,4.01
074341196X,3.92
0061996165,4.03
0007158513,4.20
0091879205,4.08
0373773927,4.33
0062429973,4.36
0312421435,3.87
1416563067,3.99
055299877X,4.19
0451219422,4.01
0446604089,3.69
0312650248,4.02
0399155813,4.10
0380508567,4.41
0230711251,4.33
0385344422,4.21
031253275X,3.59
006091307X,3.69
0345373529,3.98
1414310609,4.42
0399151575,4.12
0752848267,4.17
0316002569,4.10
0553805495,3.98
0062325345,3.70
0060755806,3.84
1400069599,3.81
0446573051,4.10
0060652896,4.22
0142404241,4.01
0060572965,4.04
0743225422,3.86
0865471185,4.19
1594480869,4.05
1476717095,4.14
0671726528,4.12
067102082X,3.68
0440217490,4.05
1416940901,4.29
0062081012,4.03
0778313468,3.96
0778316335,4.02
0192839993,3.85
0505523892,4.25
1842323008,4.14
0545284139,4.22
0743466772,3.98
8433972618,3.74
0399155163,3.76
0345348656,3.72
0425197387,3.85
0345382846,4.30
0007302142,4.40
0446699543,4.14
0316166316,4.02
0385334141,4.22
1402245793,4.10
0141004924,3.65
0374316414,3.72
0385425139,3.73
0425204200,3.79
0099470470,3.99
0316033650,4.27
0399157077,4.21
0312591837,3.64
0091933684,4.30
0007491433,3.77
0671019759,4.04
0684803860,3.93
0060502932,4.38
0763655996,4.26
0373773552,3.89
067001088X,4.01
0812513738,4.24
0525953485,3.82
0156031191,3.50
0375504877,4.09
037321006X,3.82
0679783261,4.26
0385536976,3.84
055358202X,4.14
0062289241,4.35
0505525526,4.17
0552135399,4.23
0006280935,4.09
0140042598,3.62
0446697435,3.76
0786856920,3.83
0062200461,3.51
2081354802,3.65
0310321913,4.01
0394800206,4.10
0226320618,4.18
014023313X,3.87
0060527986,3.70
0743493915,4.02
0804141266,3.39
1937007472,4.20
034551128X,4.10
0142437808,3.39
0345543009,3.81
1481426303,4.46
099050560X,4.25
0062072188,4.25
0679745653,3.89
1423128206,4.29
0312949804,4.09
0582461502,3.83
1857236556,3.96
1423140575,4.29
142311339X,4.35
0312940661,4.19
1611099692,3.96
0449911934,3.80
0345300785,4.18
0060004878,3.90
014241493X,3.82
1416580956,4.41
0968709184,3.94
1409151174,4.06
0062286927,3.92
0345412214,3.84
039916216X,3.93
0451188454,4.19
0316043966,4.08
0316037532,3.78
0847829863,3.84
0007236344,4.23
0425098648,3.88
0316376116,3.74
0345476026,3.53
0312147015,3.79
0451465105,4.04
0373210043,3.97
0671870114,4.25
0743457269,4.22
0688163181,4.05
140130866X,3.86
0451456726,4.33
0312599072,4.05
0738710180,4.01
0778313077,4.14
0804178747,3.94
0312187149,4.40
1573228737,3.74
0316176532,3.94
0143036696,3.14
0749942010,3.77
0451228219,3.91
0743225740,3.42
1401340873,3.67
0375727272,3.70
0670038318,4.29
0312353766,4.17
0399250565,4.18
0545040604,3.92
0441104029,3.93
0571313248,3.52
0440241901,3.84
145553322X,4.44
0060724692,4.25
0439488400,3.76
1405092726,4.34
0425200280,3.70
0385721706,3.81
0525423648,3.67
0307119408,4.23
0679731148,3.96
0439672465,3.91
1481200577,4.11
0375836942,3.88
0983212546,4.06
0679735909,3.89
1569472025,3.98
034545894X,4.17
0099447126,3.86
0345505670,3.99
0316176486,3.76
0545298407,4.14
0743292511,
0399156046,3.60
1841492612,4.04
0099498596,4.03
0345524594,4.10
1401323820,3.55
145558116X,3.94
0446619035,3.95
0446359203,3.90
0786856866,4.24
1741753597,3.19
0786932287,4.17
0679723110,3.69
1455518379,3.96
0307119483,4.25
0446605484,4.04
1619630621,4.45
0316059862,3.57
0399157220,3.36
0061147931,3.83
0670021873,3.98
0345436830,3.58
0876859260,3.68
0374271569,3.67
1416914188,4.19
057114456X,4.14
0060751649,4.15
0062359983,3.86
0061626317,3.84
0751530484,4.03
1857988221,3.99
0743219570,3.93
1857233808,4.02
0743451791,3.90
0425233383,3.95
0679783482,3.88
0062207393,3.76
0312662750,4.05
0553819879,4.11
076790382X,3.90
0345418263,4.26
0385523238,3.66
0451458265,4.11
0446671002,3.64
1442413174,4.14
0380752859,4.11
0141311428,4.08
0451199901,3.76
0805094601,4.02
0007251866,3.54
1250019699,3.89
0439861365,3.92
1416562591,3.74
0553283936,3.98
0671741039,4.28
0425172902,4.07
0312948557,3.88
0316734950,4.13
0451233166,4.29
0451464400,4.50
0778322858,3.91
0141019085,4.20
1477825940,3.90
0345379071,4.28
0385342063,3.94
1619636042,4.57
0440238609,4.26
0316094617,3.78
1620401398,3.76
0439858046,4.16
1400096936,4.37
9381626685,3.54
0446562424,3.91
0060878061,3.80
0689845367,4.09
1595549633,3.85
0876852630,3.97
1595140838,
0062240196,3.91
0425230074,4.12
0778316556,3.82
0099478420,3.99
0345468694,3.59
1400067243,3.22
1439177724,4.25
0399157867,3.96
0425226743,3.97
1250010713,3.94
2246760011,4.10
0805099247,4.28
0345520483,4.19
0684832356,3.96
0312987854,3.94
0062392174,3.78
0316074144,4.00
0679735259,4.23
0425227723,3.92
0373776578,4.35
0064434508,4.11
1934137197,3.39
038531258X,4.01
0525422943,4.03
0451451805,4.19
0765316552,4.31
0767915828,3.76
0451209338,4.01
0061561630,4.08
0060765240,4.06
0446699489,3.98
0446698873,3.76
0062409204,4.07
0312590989,3.82
0723247706,4.18
1250121000,3.95
0060525592,4.38
0446547565,4.15
1301949825,4.30
0312367465,3.91
0803734611,4.11
9799731232,4.39
0786939834,4.23
038561926X,4.16
0441018645,3.89
0316033677,4.15
0425204030,3.99
0375706771,3.98
0375713344,3.97
0802122515,4.07
0380000830,4.15
0606298231,3.63
0142500593,3.74
1594486344,3.78
0060932309,4.11
0007154615,3.63
0316926051,3.92
8756795459,4.05
0374187614,3.92
0345457692,4.05
0373210698,4.23
0060987561,4.18
0007423292,3.86
0375760377,4.20
0804137250,3.53
0312652917,3.77
0543895149,3.97
0142004332,3.92
0439023491,4.29
0689855532,3.83
0006499163,4.29
0307265439,3.97
0393086925,4.09
0393318680,3.73
0399256768,4.27
030746363X,3.76
0886774004,4.19
0446359408,4.00
0425199320,3.94
1606840592,3.94
1416524347,3.99
0062065246,3.94
0312348673,3.72
0785729194,4.24
0393325997,3.97
0385334176,3.81
0751505544,3.96
0345405137,3.73
006156155X,3.83
1423183096,4.15
0140432078,3.96
0446611913,4.02
0765317583,3.93
0451419715,4.23
1419705849,4.21
038541305X,3.81
0385353308,4.04
1442409053,3.80
0312933525,3.87
0765354705,4.16
0062117378,4.08
0743273567,3.92
0061139378,4.06
0786839171,3.94
0345484118,4.11
0316012386,4.16
1908844965,3.94
0451216954,4.20
0345524616,4.16
006440174X,4.31
0143038109,4.01
1582349061,3.98
0395083621,3.16
0399153934,3.66
0345390407,4.00
1414310579,4.42
0345318854,3.99
0006178731,3.93
0671729470,3.83
0765326353,4.65
0345468643,4.15
0061020672,3.89
0316214442,4.30
0830737847,4.34
1400031044,4.21
0373776985,4.10
0380008319,4.15
1439150001,4.17
000649885X,4.15
3522168577,4.32
0441005837,3.77
0007120842,3.85
0385735332,4.18
0385339461,4.13
1402271875,3.88
1594202664,4.09
0241003008,4.29
0307956350,3.44
0345416260,4.08
0345459210,3.72
0553212281,4.17
006202468X,3.65
1594482225,3.82
0099468190,3.48
0330314920,3.88
0099465647,4.17
3847905171,3.44
0345335082,4.09
0446324825,3.89
0425198685,3.87
0375705104,4.18
044669651X,3.80
1416914307,4.32
0312368577,3.99
0385338694,3.83
0752849522,3.90
0316185906,3.20
0152052216,4.14
0743453026,3.87
0451199928,3.80
0312966091,4.15
110194661X,4.09
0062048546,3.90
0380818612,4.15
0061138037,4.38
0099435136,3.89
1423121295,4.04
0553383043,4.00
0061031321,4.26
0553815024,4.13
0393310329,4.03
0312274920,3.79
1416914234,4.19
0142406120,4.11
0312360819,4.27
0553146963,3.91
0007113803,3.90
0385333218,4.21
038533351X,4.04
0062059963,4.02
0312992629,4.00
1250034515,4.14
0399256199,4.38
0743296435,4.03
0140505393,4.46
0722536542,3.62
0451234871,4.31
0152057803,3.61
0425246957,4.05
0425204669,4.12
1416983090,4.07
0679720227,4.04
0765336405,4.11
1451661509,3.71
078915479X,4.09
0747267634,4.17
0385738595,4.03
1594481938,3.42
039915583X,3.49
0671720147,4.28
0679729453,4.44
1841497762,4.29
0060897848,3.39
1478322306,3.99
0525953094,4.11
0670785601,3.63
1250077001,3.92
0446572993,4.13
006095955X,4.04
0553564943,4.17
0440421241,3.27
0441014941,4.05
1423144333,4.47
0553344862,4.23
0688170277,4.23
0062048503,3.69
0142001619,3.74
0140280553,3.76
0340686030,4.20
0425205673,4.11
0375825444,3.95
0340839937,4.23
0385535589,3.46
0718149122,3.77
0312939000,3.85
042516098X,3.32
0871297485,4.17
0374384738,4.25
0452285933,4.15
1400065933,3.58
1576469239,4.07
076532153X,3.69
1582701709,3.67
0060845546,3.81
0451228669,4.19
1400095921,3.84
1400034205,4.19
0670062278,3.97
055327418X,4.04
0553536516,3.78
045146091X,4.43
039474067X,4.08
0394758250,4.07
0060753943,3.83
1904910033,3.88
9735004100,3.93
0752858521,3.94
0743270371,4.29
0297854399,3.87
0385671105,3.38
0439568420,3.75
0812971671,3.31
0689821816,4.33
0307394956,4.00
0007119305,3.94
0007273746,3.93
0425190374,3.78
0446533424,3.75
042527067X,4.46
0060773758,3.91
0749935871,4.36
0451200187,3.85
1250083214,3.90
1476792488,3.74
0345476166,3.82
0671019708,4.09
0439295785,3.79
1937007294,3.89
0553803190,3.83
1439134340,4.13
1250001544,4.38
0749935332,4.12
0525955097,3.93
142150605X,4.08
0425280101,4.01
038070952X,4.10
0441014151,3.88
031606792X,3.69
0060653205,4.41
014200202X,3.73
0385721676,4.01
0385520514,3.48
0061144835,4.29
145165801X,3.84
0751503894,4.37
0099481685,3.49
0316014559,3.63
0553381652,3.80
0099556316,3.70
1625173431,4.17
0380730359,4.14
1405915293,3.50
0441020011,4.36
0312349486,4.15
0743218574,4.24
0449911659,3.58
0156421356,3.74
0449138240,3.94
0312656270,3.97
0356504263,4.22
0446610224,3.99
0553286285,3.77
0543895882,3.88
0345467817,4.14
0061779768,3.88
0670011940,4.06
0060735430,3.77
0399154914,3.95
0553293389,4.12
0452297036,3.81
0441012183,4.13
1416914161,4.15
0060540745,3.73
0062309668,3.71
1741663016,4.29
0764200739,3.95
0571297889,3.73
0316056634,3.90
0373772327,4.26
0143034359,4.10
0836220625,4.44
0545812542,4.05
0679749845,3.41
1841493147,4.07
0758220367,3.96
0141300515,3.76
0345338588,4.13
0586008357,4.17
0345533623,4.25
0349400202,4.22
0316014281,3.59
1406321346,4.58
0778315339,3.30
0553588370,4.20
0451458222,3.98
0007157177,3.88
0743482972,4.09
014200068X,4.04
147671777X,3.99
0061928127,3.68
1250031125,4.19
0307277771,3.93
031607991X,4.44
1481268503,3.93
0446615129,3.81
0399156828,3.95
0743421922,4.20
0374292086,3.72
1579126286,3.97
1439178232,3.79
071956896X,3.95
0439700884,3.92
0425181103,3.94
006008216X,3.96
0312359667,3.91
0345457374,3.99
0385333137,3.88
0752885170,3.73
9580469717,3.80
0312650086,3.92
0743474171,4.30
0316134023,4.02
0345418972,3.80
030720961X,3.96
055215430X,4.49
0441016154,4.12
0060935472,4.08
0743298853,3.98
0062277022,3.88
0061477958,4.05
0842335722,4.11
0385732562,3.82
0752815393,4.11
1616201320,3.72
0684823780,4.33
0399157689,4.20
0316099759,3.84
0385504225,3.70
1439102767,4.28
0804177996,3.76
0439703700,3.87
0062310712,4.00
1400032814,3.61
1484715772,3.78
0688040748,4.20
0062430211,4.09
0345540875,4.07
006197806X,4.05
0393327345,4.19
0802132219,3.90
0385344414,4.16
0140115854,3.94
0340936150,3.43
0007288387,3.87
9792230300,4.09
0330517090,3.15
144477851X,4.15
0671729462,3.87
061858532X,3.83
0060531827,4.17
0439846803,4.16
0547887205,3.99
0060002492,4.12
1594202249,3.75
1455531189,3.81
0099468387,3.54
0312605382,4.14
1416584080,3.87
1444736930,3.79
0385524927,3.85
0808516965,4.07
0375753141,3.77
0006486010,4.31
014100018X,3.96
0340893605,3.64
140227663X,4.10
1476702993,3.87
0671037706,4.09
0061054887,4.22
0345419634,3.72
0451212452,3.74
0965913228,3.78
159514319X,4.39
0451452313,4.06
0553381644,3.90
0765378558,4.30
1402245858,4.27
0670024783,4.24
0061043575,3.88
034089699X,3.68
0375856110,4.10
141654383X,4.17
0425175405,3.88
0345479726,3.63
0062114611,3.97
0099282194,3.88
0553271369,4.30
147677143X,4.26
044024191X,3.66
0812521390,3.94
0399171622,4.12
0786943408,4.13
0374299102,4.00
0843949945,4.34
159562015X,3.94
3822859710,4.10
0753819481,4.05
0385721420,3.57
0312286252,3.97
174275001X,3.62
0152061548,3.89
0450610098,3.93
0062310666,3.91
1582433224,3.65
0747545251,4.10
0752876872,3.93
843391426X,3.77
1595148035,4.29
0553576798,3.99
055380717X,4.01
0451464966,4.27
0312362080,4.04
0812967259,3.92
0857522272,3.98
0553271989,4.11
0753821788,3.53
0380732238,3.88
0515130389,4.05
0345547497,3.89
159474758X,4.14
0515130974,4.09
0307959945,3.92
1301786454,3.99
0517548233,4.21
0802714625,3.96
1891830430,4.05
0399154221,4.27
0062083392,3.62
1581345283,4.22
057507681X,4.02
0316075558,4.24
1594487014,3.86
0451462807,3.91
0441016383,4.36
0064407330,4.09
1250021529,4.07
0385518684,3.72
0399171088,3.94
0425256855,4.26
030795871X,3.61
0446679089,4.03
1595541896,4.07
0345435753,3.97
0440235162,4.06
0060082097,3.78
0553381571,4.11
0439636485,4.18
0307393879,3.71
0778322335,4.03
0590554085,4.00
033039780X,3.62
0446675369,3.77
0553241605,4.29
1937044963,3.81
0615487424,4.14
0316216852,3.50
0505524473,4.31
0060531258,3.84
0142003808,3.85
1484724984,4.25
034537472X,4.00
0385339690,3.98
051722285X,4.15
0553582895,3.91
0439436567,3.86
0552143545,4.12
0440235596,3.90
1423102282,3.90
0345376048,3.85
0425178102,3.82
0393068579,4.04
1501105434,3.53
0060725141,4.17
1442429984,3.92
0486275507,4.28
0765328542,4.12
0670026190,4.35
0425259862,4.04
0345531485,4.13
0345522028,3.66
1606840584,4.03
0062071041,3.94
0380730367,4.09
0425256766,4.38
1482658143,4.22
006085202X,3.82
0425212866,4.12
0399171614,4.14
078681859X,4.01
0812532597,3.58
9799822939,3.90
0765304740,3.76
0679744398,3.99
0765349655,3.80
0439670209,3.77
0064471837,4.17
0061214655,3.69
0330425781,3.89
0060577312,3.82
0385540353,3.37
1589190645,4.29
0743222253,3.76
1420925539,4.16
1595541217,3.82
0440246113,4.29
0670018864,4.06
0812978188,3.88
1416990674,4.15
0679747192,4.09
1250044650,4.05
1846687756,3.66
0886777631,3.91
3401063472,4.17
0671027387,3.71
0425161242,3.90
0310241634,4.23
0062414216,3.42
0061340634,3.57
1632168146,4.11
0670070297,4.13
0380776162,4.11
0698410424,3.97
1842430343,4.05
0399154485,3.95
0062026488,3.80
0670038601,3.77
0312857063,4.11
1408852594,4.43
0061935107,3.94
0312655452,4.31
0192750968,4.00
0765333511,4.08
1563054426,4.25
0843956534,4.21
184724954X,4.11
0425100650,3.88
0451222350,4.33
0618485228,3.99
0312426216,4.09
1416968237,3.93
0440234743,3.86
0812505182,3.85
0385340117,3.47
0425243915,4.26
078683661X,3.81
1439136823,4.42
038039586X,4.06
0689865198,4.16
0345418468,3.98
0451528824,4.25
0141321318,4.04
0739439065,4.11
1501126229,3.71
0440174244,4.17
0380809060,4.31
0553807250,4.17
0374104115,3.58
0515137111,4.02
1400068096,3.50
0446550000,4.04
0517053616,4.50
125000098X,3.98
1416543686,4.04
043402080X,3.92
098836946X,3.93
0062351206,3.92
0062026542,4.21
033041836X,3.78
0743482867,4.10
140278404X,4.33
0446607711,4.07
0062068520,3.94
1501129740,4.08
0060928417,3.65
0843955848,3.32
0316229296,4.30
0006551815,3.69
0751531219,4.08
0380718340,4.12
0399163840,3.92
0786286806,4.22
1423368991,4.17
0345478991,4.00
0439443822,3.97
0435122118,3.66
044661162X,3.96
1401324029,3.76
1439142009,3.48
0425176088,3.95
0452297648,3.78
0486424545,3.97
0802136680,3.98
0062327186,3.91
0451213203,4.01
0312981260,4.06
0312377630,3.74
0452284694,3.95
0440222702,3.98
0345528204,4.22
0446573019,4.01
1416593381,4.14
0061043494,4.24
0345504968,4.04
1423118243,4.34
0062333003,3.67
0316126691,4.00
1405204664,4.18
0399153721,4.00
067973371X,4.25
0743219600,4.05
0778314472,3.97
0345434811,4.24
0312934335,4.35
0060580674,3.95
0399162410,4.06
1595540210,4.20
1846057647,4.03
0425162443,3.82
0385339089,4.01
0689865392,3.85
0440242940,4.23
2266071289,4.21
0547959214,3.83
0571242448,3.78
1590387422,4.15
1577314808,4.14
0316058254,4.22
0380815575,4.18
1409521966,3.87
1423176375,4.03
0385491034,3.83
1501141511,4.20
0743297318,3.93
0312368461,3.93
140003003X,3.73
0385498802,3.57
042520040X,4.27
0553808036,3.71
0553807226,3.85
0440241812,3.77
1594745765,3.76
000675399X,3.91
0525945563,4.03
0316211338,3.42
1455581127,4.05
1400069629,3.77
0142004030,4.14
1937007588,4.47
0743460529,3.87
0553296124,4.14
1451649916,4.30
0349119759,4.33
0786891084,3.94
0060521600,4.04
0440236169,3.86
0224097377,3.41
1423121287,3.93
0553279718,4.07
0439436575,3.95
0061458570,3.43
0345367693,3.95
0394726413,3.77
045052468X,3.77
0062071165,4.06
0751534552,3.69
0670064181,4.22
1480118516,3.96
006441034X,4.28
0802141900,3.98
0765350378,4.18
0307348245,3.71
045147516X,4.46
1416524525,4.28
1416984488,3.89
0593053893,3.78
0061941026,3.81
178089015X,4.17
1455549002,4.01
0451236718,4.25
1566195764,3.83
0812998685,3.81
0671727796,4.21
080417766X,3.22
0385742371,3.90
0006480098,4.16
0374104093,3.69
0553572393,3.93
0142409863,4.03
0440184622,4.27
068483376X,4.14
1250039819,3.78
0312980140,4.16
0399159312,4.19
0060723513,3.79
0440237556,4.31
0340796189,4.06
0143038095,3.92
0752858637,3.88
0763622591,3.54
0345348664,4.01
0061969559,3.94
0385524986,3.78
0553278118,4.03
0062014552,3.56
0316010367,3.20
1439192987,4.22
0316014532,3.66
037581468X,4.15
0316769029,3.98
0340752459,4.13
0385341067,3.68
0345470583,4.15
0886774012,4.22
222109073X,3.97
1857231031,3.83
039925644X,4.24
184416294X,4.19
0307957241,3.88
0805080503,4.08
0062012010,4.19
0670025593,4.19
1416913184,3.80
1400031699,3.46
1423160916,4.25
1841959146,3.80
0375725342,3.82
1447256239,3.73
0061000019,4.05
0515142905,4.03
9793062797,4.19
0743294297,3.50
0425265625,4.17
1608195228,3.93
1423175123,4.09
0385524943,3.96
1598163221,4.00
034541800X,3.35
0425188930,3.82
0765340054,3.89
9504915248,3.48
0060815701,3.86
0060887338,3.94
3426615355,3.19
1416543694,4.21
0393312836,3.99
0330489674,3.68
1479359084,3.95
1423110706,4.15
0743496744,3.93
0345522478,4.11
0786888016,3.78
0441015832,4.33
0743468422,4.11
0143036424,4.13
031259044X,3.66
0380818809,4.09
0340818670,3.83
0755309510,4.03
0609809105,4.01
0307962903,3.57
0439050235,4.08
043985802X,4.12
0441006108,4.05
1770460608,4.26
0385737424,4.09
0099282968,3.73
1416971734,3.92
1416989439,4.05
1416563725,3.79
0062200577,4.07
0812565959,3.95
1250010098,3.79
0385521227,3.90
0140178139,3.96
0061020656,3.91
1444778536,4.20
0575073608,3.95
0312323867,3.93
0061921262,3.73
0061797022,4.03
0373773102,4.29
0553213873,4.08
0385343663,3.54
0385341679,4.41
0061257052,3.81
0804138141,3.91
0440498058,4.00
125006662X,3.94
0393321983,3.77
0316154385,3.53
0312932782,3.92
0375828257,3.67
014311638X,4.01
0399155481,4.41
0312995059,4.30
1416576754,4.37
0007230206,3.87
1301347949,4.20
0802122558,3.84
0060567112,4.19
1569319049,4.31
0385341652,4.41
0451457765,4.10
000721975X,4.31
0778325644,3.95
0385738773,3.77
0084386874,
0385613466,3.83
0373210132,4.11
0399158987,3.91
0307341569,3.93
0425181111,4.00
0451231619,4.26
0399170898,4.38
0316040096,3.62
0061131644,4.32
0316069353,4.19
0786226749,4.13
0425266516,4.22
1596435704,3.98
0399157387,4.25
0099471426,4.11
0842365834,4.14
0345527771,3.78
1400095565,3.75
0312347294,3.80
0312966970,4.17
0743435745,4.21
055380491X,4.01
014101587X,4.15
1612184715,3.99
1841959111,3.87
1423140567,4.21
0394839730,4.29
0618101365,4.15
0385515502,3.87
1416949674,4.18
1849013764,4.37
0312359322,4.13
1609089464,4.34
0451464095,4.10
0312099436,3.94
0842342710,4.18
0450837319,4.26
0593057058,4.18
1841499005,4.09
0060085495,3.83
1857231589,4.09
1623420024,4.06
031021923X,4.19
0743454154,4.12
067168390X,4.49
1416552510,3.95
0452284449,3.66
0064440028,4.02
0316182745,3.48
849759388X,4.12
0345465083,4.22
0141318309,3.96
1416544208,3.76
0142002062,3.74
1905654871,4.04
1400076196,3.63
0061161640,4.24
0349113912,3.99
0375703713,3.97
0756402972,4.09
1476729085,4.02
0060733357,4.26
0345476875,3.99
0679732764,3.86
0307749606,4.02
0393307611,4.42
0446678457,4.06
0312342020,3.73
074974801X,4.30
0345326490,4.22
0062273264,3.94
0307931900,4.09
0062237381,3.77
030726419X,2.95
0312938810,4.07
0345418514,3.88
0812551478,3.99
0373210450,4.01
0061240885,4.31
1423165993,4.44
006083756X,3.99
0140436030,3.80
0002310015,3.70
1594201501,4.04
0385339666,3.79
1416903569,4.27
0006471250,3.63
0345418778,3.98
1936305550,4.22
0586062009,4.20
0486282228,3.90
1400068169,3.76
081299860X,3.48
141650964X,4.12
1416589643,3.71
0374384711,4.14
0399230033,4.22
0547229895,3.89
0345476883,4.07
1416523715,4.12
0425266745,4.09
0006479677,4.04
0553807242,4.18
0142404624,4.08
0061797057,4.10
8466302948,3.76
1400043921,3.45
0743244583,3.98
0803740166,4.31
0441102670,3.91
1455502758,4.14
0446698466,3.82
1841499900,4.34
0312624689,4.28
0385532350,3.79
0425240169,4.08
0573613052,4.14
0399254129,4.37
1401359604,3.28
0060510862,4.15
0765343266,4.33
1596435690,3.89
044669570X,3.95
0061977969,3.97
037542380X,3.84
0525950125,4.05
0140285679,3.80
0007350430,3.86
0590452037,3.88
1416509631,3.94
0440227534,4.15
1844285081,4.28
0452283205,3.58
1439123128,4.47
0525426582,3.95
0310247527,4.41
0778317706,3.74
0765346524,4.13
0571198775,4.21
0224094157,3.72
0142001805,3.90
0140504206,4.08
0446616494,3.97
0061449180,4.38
0062225073,4.03
0446606243,3.98
0750026049,4.27
0297859382,4.07
0446580856,3.89
0525952063,4.08
1582349010,4.04
0743453255,4.06
0765348780,3.88
0671739166,4.12
0670020532,4.17
0307237907,4.05
0749744812,4.10
0553283685,4.24
0765316986,3.74
0439771277,3.75
1408857391,4.19
0345352661,4.09
0312422288,3.56
1596437138,3.89
0060758287,3.45
0399184511,3.84
0451201027,4.23
0316030899,4.04
0553496689,4.08
0425161293,3.82
1423121317,4.11
0345481283,4.05
0786939842,4.19
0307406105,3.84
0007233701,3.67
0727860992,3.79
0451225724,4.17
0142401420,3.92
0451155750,3.93
0060009241,4.05
0312577214,3.95
0553154346,4.13
0061470856,3.53
0375821821,3.88
0679776591,3.93
0099446723,3.86
031232118X,3.85
1416520406,3.74
1416548483,4.17
0002317850,3.95
0062224735,3.71
0061990655,3.90
0515124648,3.94
0345419359,4.17
0553381539,4.15
1423157524,4.30
0778325806,4.00
0802142818,3.43
0553807137,3.35
0345480260,3.90
038560310X,4.10
1594487871,3.62
0307460207,3.96
0679766758,3.84
0684804522,3.73
1442416866,4.28
0156031612,3.79
0525423664,3.56
0064407314,3.72
0553565699,4.18
1406309354,4.15
055323370X,4.10
0061566179,4.13
0595440096,4.31
0060737557,3.90
0395304482,4.04
1416940286,4.01
0743253973,3.58
038533947X,4.19
0062071076,4.11
0399250573,4.29
0062498533,4.51
0316187704,4.37
0515114693,4.22
1439180962,3.80
0140255559,4.11
1594489998,3.67
0425163717,4.32
0778324214,3.78
0446677167,3.95
1406350486,3.99
0061284394,3.64
0345383273,4.01
0060874198,3.76
078572902X,3.97
0671743058,4.35
0099303744,3.78
0670061018,3.83
0441013678,4.01
143913376X,3.87
0440993717,3.58
0006178715,3.69
1595143211,4.36
0449016196,4.24
1559362766,4.14
0060724501,3.40
1400063736,3.95
0375726403,3.93
0545123283,3.91
0061230944,4.15
0345504984,4.00
0061957895,4.38
0345498208,3.92
0142400300,3.97
0316011274,3.84
0007119356,3.86
0007157169,3.99
006121471X,3.84
0007245823,3.81
0439023483,4.33
0446690457,4.20
0615651011,4.19
0060393491,3.82
1400033837,3.81
044640103X,4.05
1419711326,4.28
0061659258,4.11
0805092528,4.11
0060534044,4.09
0446699551,4.13
0330371231,4.18
0679457313,3.94
1442403543,4.14
1416950052,4.31
1582349177,3.91
157322359X,3.98
1481438867,3.99
0451210859,4.23
039953346X,4.15
0312270828,3.71
0060825316,3.78
0553381547,4.24
1250067847,4.09
0553588249,4.01
0441015891,4.01
0553392425,4.37
0373211392,3.75
0345455681,4.07
0345527712,3.94
0440244056,3.95
0399170871,4.35
1563127873,4.09
0006280560,4.29
0007331908,4.36
0670016381,3.44
0312575939,3.75
0316020729,3.33
1595143378,3.56
0312642989,4.46
0062012037,4.24
061871166X,3.95
1420103733,3.95
1476717486,4.36
0515139742,4.00
0743281632,4.10
0345521307,3.81
0804178321,3.97
0385339658,3.68
0316017442,4.07
0340911719,4.27
0553587080,4.09
0676979343,4.13
0374158460,3.75
0345369351,4.09
0061996203,4.14
0064410471,4.11
055215315X,4.17
0140045295,4.17
0399159894,4.01
0140014454,3.77
0061944394,4.34
0060256710,4.28
0316166685,3.81
0060987324,3.62
0451210743,3.89
0749009519,4.03
1849163847,4.08
0441013333,4.01
000712774X,4.14
0399155686,4.30
0316069906,4.20
1594633118,3.41
0451459873,4.33
0061449156,4.24
0316125849,4.01
0060827696,4.38
0156029022,3.95
0886778581,4.07
084230052X,4.29
0553213148,4.23
1400077915,3.98
0374404143,3.98
0312605390,4.21
0061177598,3.85
1476727651,4.12
0345467531,4.11
0552153257,4.29
0062060759,3.73
0006174434,3.75
0446694533,3.86
0380753022,
0812976185,4.03
0373774524,3.90
1847386823,4.19
1595540350,4.30
0679781498,3.58
0375828788,4.28
0679759328,3.59
1862308160,4.04
1594206627,3.51
0525471340,4.25
0441008658,3.81
1490904387,4.26
0553584529,4.17
0743482832,3.81
0571171788,3.98
0553807722,3.75
0394402677,4.06
0061869708,3.93
038072801X,4.07
1440154236,3.77
1439102392,3.91
1476778019,4.10
1416989404,4.19
0441328008,3.86
0451194004,4.00
1596064854,4.14
1423147952,4.13
0765316978,4.06
0142406252,4.13
0802170390,3.07
0525476881,3.58
0375833641,4.09
0375701966,3.68
0767902890,4.13
006174266X,4.03
068816112X,4.16
0803731558,3.85
0307264238,3.70
0062118692,3.70
0375424148,4.03
0810918684,4.28
0143017861,4.31
0446612707,3.84
0679721037,3.97
1423166000,4.28
0765328658,3.94
0983157200,4.15
0425259870,4.11
0544409914,3.76
0345032799,3.81
0778328791,3.87
1620402750,3.45
141699176X,3.99
0449000753,4.21
1605977276,4.04
0575096578,3.68
0761147489,4.09
0007350481,3.76
0553380966,4.19
1419702238,4.23
0373210493,4.07
0142408654,3.89
1416516727,3.95
0156031663,4.13
0743418735,3.95
0698193032,3.88
9991373764,3.83
9707311169,4.20
160751351X,4.42
0060887184,4.25
0060541814,3.89
1468139339,3.98
0316219037,4.14
0061120081,4.27
0517543052,4.29
044658083X,4.24
0743263065,3.87
0061431621,3.83
0061128856,3.55
0061974587,4.18
0307962520,3.80
1471110672,3.55
1416914293,4.18
0500275823,3.70
044022750X,3.81
0006480101,4.23
0316013838,3.67
0751504572,3.93
0374203059,3.44
0385743564,4.15
0316069485,4.15
1416936491,3.75
0062117181,3.67
006195795X,4.44
0385741774,3.71
1250049555,4.24
0062088149,3.86
0316098108,3.74
0441017029,4.44
0399504338,4.04
0060931728,4.22
0307267679,3.82
0316133973,4.17
0446696137,4.03
0425067947,3.84
0575113294,4.11
1594480036,4.03
0552551317,3.56
0842339655,4.37
0061229695,4.26
0805090053,4.04
0316016381,3.46
0439324599,3.76
145162137X,4.05
1620610116,4.30
1423146727,4.55
0345503821,4.22
0553268465,3.98
1406310271,4.25
1416544186,3.55
0399159347,3.94
1416524517,3.65
0425193942,4.03
0525423346,4.07
1857231511,3.76
0375703829,3.84
0553587579,4.05
1582349908,4.13
1841957178,3.70
0061160881,4.03
1555838537,4.33
0809015803,4.28
0812993802,3.97
1444705105,3.94
0141186356,4.24
0061566152,4.07
0312658656,3.44
0060588284,4.10
0812536355,4.32
0375701044,4.14
039915597X,3.96
0061056901,4.17
078685149X,3.86
0375761144,4.08
0802131786,3.68
0062257838,3.99
0312206488,4.41
0571225381,4.12
0060525657,4.44
1423170288,3.91
0553568019,4.04
0394743253,3.70
0061284424,3.80
1599908735,3.97
0857382209,4.23
1402798431,4.40
0316175560,3.75
0297775340,3.82
0375826726,4.06
1400069262,3.16
141659485X,3.80
1502784270,4.10
042525674X,4.43
0060757353,3.59
0679736042,4.02
014013168X,3.73
0374530637,3.86
0586010165,4.16
0804188971,3.55
0385534639,4.04
0425266869,4.06
0439366771,4.00
0451456734,4.37
1476792496,3.77
0061583251,3.62
0072434171,4.11
0241144159,3.56
0060929871,3.99
0571234607,3.71
0340606517,4.35
006147312X,3.50
0062124269,3.78
0316252905,3.86
0142000671,3.87
0552154164,4.15
1782115080,4.17
0545284155,4.23
1416950095,4.28
0575070706,4.36
0385683421,3.41
0007169914,4.12
1423113381,4.09
141697895X,4.14
1402271514,4.13
006093140X,3.76
0007235801,3.92
0142400769,3.89
0752865366,3.69
0553299492,4.16
0698184890,4.10
0316025054,3.92
0316099783,3.78
0143037749,3.73
0312939043,3.92
015206396X,4.08
1416983082,3.83
0446402397,4.09
0061245097,4.31
0061232920,4.09
1442402350,4.28
0670037729,4.08
0545654742,3.83
0061659223,3.98
1581345267,3.94
0060735414,3.94
0871137380,4.29
0060851988,3.69
0553806610,4.08
1573225126,3.60
0385344015,4.09
0886773520,4.21
006077407X,4.24
0385732538,3.91
1907411054,4.00
0752891634,4.08
0439895979,3.62
0307275558,3.74
0143123238,3.30
1423116399,3.91
0743292499,4.09
0373210574,4.04
0553384287,3.97
0679733973,3.81
067001110X,3.98
0451232682,3.79
0060975776,4.09
0006479758,4.07
0375831002,4.37
1590388984,4.28
014038572X,4.09
0786907509,4.08
0061059919,3.54
0446195979,4.01
0553572946,4.17
0062009494,3.92
0545027896,4.17
034550500X,4.20
0008143676,4.18
1423157311,4.00
0553587692,4.00
0425173909,3.87
0670062405,4.29
0810993139,3.98
0425212017,3.76
0385733976,3.65
0316407135,4.23
074326004X,3.97
0552148067,4.13
0307265749,3.85
0345469011,3.76
1594480001,4.29
0385517882,3.19
0810994739,4.13
0425210278,3.68
0143038389,4.23
1905654588,3.96
1455520659,4.15
0446695696,3.96
1416985794,3.75
0805445528,4.43
0439680093,3.90
1594205388,3.90
037575931X,4.16
006057299X,4.29
0553116606,3.85
0099460173,3.72
0451474473,4.30
0451218469,4.00
0836218310,4.45
0060855908,4.03
0451190750,3.71
0425268780,4.07
0684855631,4.05
0849945119,4.17
0380721643,3.85
075640407X,4.54
1481422340,3.73
0345443586,4.04
0316780375,3.64
0061020613,4.22
1476754454,3.97
1841156736,3.79
1444729705,3.80
0553213156,4.05
0553807056,3.94
0316601950,3.52
0671729489,3.83
0553499084,4.31
0553572989,4.18
0316219363,3.74
0761169253,3.91
0446615757,3.59
0142406147,4.07
1455566020,4.21
0545326990,4.19
0425263924,4.19
034552666X,4.07
0399156909,4.22
0679736328,4.18
0385339682,3.87
042519518X,4.11
0061448761,3.86
1599901196,3.71
0385535775,2.94
0385537859,3.85
0345414004,3.84
0440220459,3.94
1416586598,4.25
0062200631,3.90
0312858868,3.89
0743571355,3.88
0385335997,4.39
0743246071,3.86
0385517831,3.66
0399160302,4.36
0399156879,4.34
0743437349,4.16
074990741X,4.24
0345477243,3.52
0440241006,4.10
0062311115,4.21
0060890312,4.24
0743437322,4.17
0385737637,4.02
141654707X,4.32
0007165161,3.66
0446695688,3.89
078948045X,3.99
1101875046,3.53
1423161610,4.15
8408057235,3.41
0061779725,3.86
159463467X,3.44
044654759X,4.21
1841580651,4.07
0385333765,4.14
0743418719,3.82
0060891564,3.67
0451528522,3.64
0545424925,4.06
1101874996,4.32
0152053107,3.83
0143036254,3.98
1620610086,4.15
0060564652,3.95
0743412028,4.17
0593057775,4.04
125001980X,3.86
0689867042,3.72
0671729446,4.03
0670018856,3.65
0425194515,3.82
037572737X,4.21
0141023422,3.91
1402208766,3.65
0375836675,4.07
0553381350,4.24
0765312182,4.01
1400066212,4.02
0670032085,4.30
031238078X,3.65
0743454510,3.79
0590032496,4.18
0062278967,3.91
0758211821,4.14
0765342405,4.31
0689862210,3.75
0330398059,3.79
0060888644,4.30
0316127191,4.07
1455507199,3.43
1416530738,4.20
0857520199,3.25
0060560150,4.03
0399170863,3.99
0618683070,3.74
0060887397,4.04
0552142743,4.23
0140236236,4.03
0385340559,4.18
0060096128,3.70
0765330423,4.21
0307265773,4.01
1402792808,4.14
0375706674,4.14
9793062924,4.12
0060750863,4.32
0802170374,3.89
051511779X,4.09
0441012914,4.02
0060763892,4.15
0425205959,3.92
0451219597,3.97
1590860624,4.15
0373605692,4.04
0312315732,3.62
1861977697,4.06
0061159174,3.83
0345495934,4.14
0312593554,4.22
1594633665,3.92
0385339151,4.10
0451229444,4.10
0312330871,4.26
0786838930,3.92
0316191299,3.92
067984483X,4.14
0060569662,3.97
034552425X,3.89
080508049X,4.13
0399256121,4.06
0375868429,3.95
1597801577,3.75
0373802498,4.05
074348486X,3.83
0425227510,4.12
0140097317,3.79
0671890913,4.32
0395389496,4.30
0449911942,3.97
0679735771,3.82
0312532768,3.61
0425227944,4.15
1502446936,4.11
1439102252,3.79
0394800028,3.85
1857988841,4.16
0679734465,3.93
0714847984,3.96
1533134138,4.24
1455561789,3.73
0345419626,3.89
0765310082,4.35
0441013651,3.92
0375829873,3.48
0547738471,3.87
0803733569,3.92
0553588257,3.86
0857662937,4.05
0385732953,4.22
0425272354,4.29
0375727132,3.42
141651631X,4.17
0875093663,4.34
0618620117,3.83
0399252649,4.19
1612187005,4.04
0425194523,3.98
0224081187,3.58
1595141979,4.36
0842386882,4.50
1477823832,3.65
1416510567,4.04
044661758X,4.16
0525421556,3.99
0552772291,3.28
0553280511,4.26
1905294719,3.94
0515141429,4.05
0515139408,4.08
0440416795,3.95
0385315546,4.06
0061985864,3.91
1439192561,4.06
0765309416,3.97
0399158812,4.34
0679776818,4.09
0312971230,4.11
1921794097,3.96
0575077905,4.28
0553589393,4.25
0765316994,3.85
0385352875,3.83
0425170349,4.09
1405038160,4.18
0670025771,3.58
0345496531,4.19
0752858556,4.05
0345533232,4.17
144244228X,4.43
0553582798,4.34
0316015059,4.01
0440227194,4.01
0552772275,3.50
0061950726,4.17
067102423X,3.90
0312997116,4.10
0679723226,4.11
0312590970,3.73
039915731X,4.03
184149593X,4.03
0345472446,3.94
0330487140,3.77
0451203771,3.96
0140065172,3.91
0143037234,3.94
0060512806,4.25
0440238153,4.09
0743296419,3.98
0385517238,3.82
0385349068,3.78
0312382855,3.98
0385338104,3.96
1934781630,4.07
0446617687,3.41
0670241334,4.30
0743457587,4.22
0312379293,4.14
0446539759,4.02
0375724834,3.89
1400041988,3.90
1476738963,3.94
0765345013,4.12
014240120X,4.02
0689840330,4.15
0486455599,4.01
0060892013,4.30
0307931889,3.95
0345528670,3.89
0831727527,3.51
0451208641,4.13
0425210758,3.76
0307276902,3.65
0060887303,3.88
042518160X,3.64
0312938993,3.84
0451210468,3.82
0345483448,3.97
0345515501,4.13
0425210731,4.33
0452281253,3.63
0375703063,3.69
0142300705,4.11
1401303366,3.87
033034837X,3.69
1400097029,3.51
0060177241,4.19
0767927567,3.98
0061662690,4.03
0385340222,3.85
0670021040,3.82
0312358342,3.40
8466302204,3.28
1451673442,4.15
0811214044,3.70
0385535309,4.00
0061962783,4.12
0385538499,3.78
1565125525,3.85
1451672721,3.69
033041335X,3.86
193700788X,3.45
0060513063,4.35
0375705856,4.02
0449226352,3.92
0385735359,4.24
0385538510,3.68
0399154213,4.14
0395181569,4.30
1101904224,4.10
1595143424,3.94
0375414959,3.80
0399156399,3.69
0312348649,3.72
1573226882,3.74
0441005764,4.11
0007205236,4.11
0749732105,4.33
0060541830,3.59
0312985347,4.16
0671737821,4.22
0553807234,4.09
0553213180,4.14
0141185538,3.90
014029628X,3.73
0060788704,4.39
0441015662,4.37
006218850X,3.78
0425255700,4.03
0399154388,3.95
1476751803,4.12
0345348109,4.32
0446607274,4.18
0374281092,3.76
0380017601,3.62
1841492051,4.00
0060590270,4.07
0449205622,4.13
1857231325,3.97
1250019834,3.96
0590664875,3.96
0345479718,4.05
0385336691,4.16
1416912045,4.18
1592402038,3.87
1551111721,3.62
0385518331,3.51
0060515198,4.03
1416975861,4.33
0060584033,3.68
1419122126,3.94
0441005667,3.74
0312594429,3.99
0310247454,4.20
0099446782,4.19
0670038717,4.02
0689869118,4.17
0375706860,3.59
0812975294,4.01
1841493015,4.03
0812504690,3.93
0812536363,3.77
0425083896,4.03
0486266893,3.77
0061579033,3.60
0385730306,3.98
0812550285,4.04
0545169178,3.44
0316069418,4.17
0060278250,4.22
1594631395,3.36
1841496863,4.34
009928264X,3.92
1847442404,3.55
009949857X,3.91
0345485599,3.66
0764223305,4.13
0553380958,4.03
0375727345,3.85
1594489254,3.90
1857232097,4.16
0140367357,3.88
1416549129,3.66
0062286447,3.83
031024756X,4.32
0553563734,4.02
0718147715,4.06
156478214X,4.01
0765326574,3.82
0689849109,3.98
148473274X,4.26
1469216000,3.91
0804138567,3.44
0752858653,3.84
0525951652,4.29
044101738X,4.28
1608190463,4.38
0439244196,3.96
159038783X,4.05
0385341326,4.04
0553269224,4.19
061808360X,4.17
044900063X,3.91
0525425888,3.86
1476717710,3.76
1250029880,4.58
0786939532,4.26
0812966007,4.19
0425217299,3.96
0425197220,4.00
0547959109,4.05
0425214591,3.82
0446616427,3.87
0345507460,4.10
0886774632,4.25
0307959856,3.25
1439164681,3.96
0374104107,3.51
0316013315,4.15
0684856476,3.82
0061284408,3.80
0747236380,3.83
0375806814,4.07
0425203867,3.97
030727103X,3.50
1595141758,4.28
1442426675,4.20
0316129070,4.24
0345299116,3.93
044022912X,3.76
0143036939,3.54
0439846838,4.33
0345539826,4.45
039925692X,4.04
0140050930,4.26
0375414495,4.29
0808553038,3.83
0803741715,4.37
1416524797,3.89
0141383356,4.14
1416548009,4.31
1400033411,3.84
0316243914,4.03
0778322955,4.12
0143035088,4.34
0553278746,3.89
0356500152,3.94
0312577222,4.57
1416953558,3.70
0749908904,4.28
0099436922,3.79
0743217187,3.97
055255264X,4.30
0140273344,4.16
0140294295,4.24
1416527265,3.75
0399244557,4.30
0451223292,3.95
0312997140,3.95
8129135728,3.16
0385738935,3.73
0061142026,4.09
0758272812,3.95
031624290X,3.32
0060921145,4.06
1596431520,3.88
0316069434,4.13
0671875965,4.17
0345528921,3.94
0593046358,4.47
0812967127,4.02
0061985848,3.90
1585424331,4.18
0765301075,3.86
1455599735,3.65
0765326361,4.76
1250011914,4.36
0316098795,4.12
0060590165,4.29
0061147958,3.92
1619630656,4.49
0441018521,4.46
0007201095,3.63
2290032042,3.67
0441014348,4.36
0451456718,4.09
0441014739,4.31
0340796170,4.06
0618640150,4.50
0689849230,3.96
0446522597,4.08
0425152898,4.21
0805080511,4.14
0062248162,3.94
0316012335,4.22
184756190X,3.95
0545132053,4.24
0060096152,3.71
1442402326,4.10
8756787650,4.02
0425193829,4.01
0373210027,3.87
0140285601,4.16
0345334310,4.02
0525426035,3.64
0374280967,3.80
0061869724,4.02
0399218858,4.07
0803731531,3.93
0061043583,4.10
0380800829,4.07
0439568331,3.81
0062295896,3.61
0451462564,4.44
0385491050,3.46
0375703845,3.46
0525953183,3.92
0060835273,3.89
038077352X,4.20
0451225856,4.38
1400069289,4.10
0446400157,3.98
0345505492,3.96
0380815923,3.80
0345915623,3.63
0765329581,3.77
0062311077,4.15
0345447867,4.13
0525950608,3.94
1590171993,4.31
0006498868,4.23
0385341970,4.18
0385340540,3.78
0312656262,3.67
0749932945,4.17
0812474945,3.97
1442445807,4.06
1420925431,3.91
0618346260,4.44
1478314605,4.27
0446577898,3.77
0425184226,4.02
0140297995,4.04
156097432X,4.19
0385534795,3.88
0312861877,3.79
0765340747,3.68
0140284125,4.24
0380842939,4.24
0356508366,4.32
0345534182,3.93
0670023485,4.07
0743243781,3.75
1581344988,4.11
0375508325,4.37
0099297701,3.76
045146317X,4.48
0140183523,3.72
0739453823,4.05
1596435712,3.77
096319254X,3.75
0553588451,3.89
159420571X,3.85
1581345275,4.32
1595143971,3.77
0307262995,3.63
0060562536,4.03
0312642970,4.44
1416938745,3.64
0743418174,3.72
0451227190,4.20
0689806981,4.17
067122350X,4.20
0451076451,3.78
0385494246,3.43
071483355X,3.91
0230706150,4.11
8188575704,3.64
0141185260,4.15
160096527X,4.18
0439568412,3.90
0316196991,3.97
0345548515,4.24
0553589385,4.16
0743296788,4.06
0375851798,3.52
0571212921,4.13
0099417472,4.04
037570387X,3.16
0451466802,4.17
0316393878,3.62
054762834X,3.90
0988573229,4.32
0375840400,3.99
0062280562,3.44
0345396936,3.85
0440241022,4.21
0307279952,3.90
0061493341,3.38
0743289684,4.21
0312385188,3.84
0060774126,4.27
1599901676,4.03
0064472779,3.74
0312979975,4.17
0449225151,3.94
0758272820,4.15
0553269216,4.02
0671876813,4.23
0525421033,3.95
0743449673,4.02
1573225517,3.94
0425273865,4.10
0316159794,4.00
0767905202,3.45
0802120202,3.84
0425189864,4.23
0553588079,4.19
0312370830,4.16
0006174426,3.85
0385339100,3.92
0345505697,3.89
0765310023,4.25
0743437810,4.10
1400047463,3.63
0375870415,3.83
0060890681,3.75
042521575X,4.12
0399256601,3.89
0061706558,3.48
0451167805,3.88
0752898477,4.44
1682305066,3.98
0812996089,3.87
0553297260,3.94
1841493139,3.95
0747589372,3.87
0330339184,3.37
0553582755,3.97
0671011375,3.95
0679889175,4.24
1439199353,3.81
0307381463,4.07
0446692638,4.10
1595143068,4.40
0061935123,3.86
0340863684,4.36
0142401765,3.86
0679736379,4.19
0062363239,3.80
0061779814,3.96
0821780654,4.02
087923573X,4.00
1501100130,4.04
1484705270,4.25
0312864590,3.82
0736693416,3.97
0671796666,4.25
1416995587,4.12
0446556246,4.23
0330487191,3.81
1250010691,4.24
1423109600,4.36
0345366239,3.91
0099642611,4.03
0374515360,4.40
140911399X,3.82
0446556823,4.35
0446676071,3.96
0439228905,3.96
074327041X,4.34
0615417175,3.99
0006472613,4.12
1416914285,4.10
0439498821,3.91
1476770387,3.77
0552152943,3.94
0356502023,4.36
0749955910,4.31
0451230647,4.22
0679732187,3.96
0749928999,4.34
0345418530,3.75
1439148503,3.90
0618562036,3.88
0062282719,3.94
0743426800,3.98
140003065X,4.36
0486452433,3.82
1903434777,3.96
0345476999,4.02
0399158022,3.77
044101125X,4.12
1416989412,3.98
0765375869,3.89
0547576722,3.67
1416503811,4.03
0435233076,3.52
1582344159,3.71
142998192X,3.91
0312655479,4.43
1250022061,4.07
0811202054,4.20
0140283307,3.87
038572179X,3.90
0399256504,3.94
0525421351,4.24
006232540X,3.61
1416580948,4.35
0312380755,3.66
0061783161,4.22
0778313654,3.98
1937053415,4.39
1416905855,4.10
1400041201,3.90
074345300X,3.97
0679767959,3.60
0553579754,4.00
0590224735,3.97
0345463153,3.31
0752876821,4.00
0440244447,4.23
1452440026,4.32
0451463072,4.14
0375826696,3.90
0425093255,3.99
1442423684,4.25
0061231428,4.01
1612130585,3.85
0374346674,3.81
0060888628,4.34
0553590154,4.08
0451461525,3.98
0062103733,3.83
1612130291,3.66
0747263744,4.11
1416983309,4.20
0812968069,4.07
0743294378,3.93
0451233328,4.16
0812550757,4.07
0785100490,4.23
076534825X,4.02
1405910216,4.12
1439152780,3.88
0060837640,3.71
0307270742,3.39
0446676438,3.93
0316196487,4.16
000711933X,3.81
0525953086,4.11
0307700313,3.61
0099244721,3.85
097496090X,
0061015733,3.70
1594488398,3.57
0778314189,4.12
0394758285,4.01
0060519134,3.98
0670026611,3.98
0571199976,4.02
0752852612,3.97
0671522817,4.21
0099437961,3.73
0771068719,3.88
9793210605,4.23
1476730105,4.02
0316230812,3.73
0385535144,3.82
0586057242,4.36
0670076082,4.29
1101883073,4.29
006212255X,3.77
1416927247,4.20
0441017800,4.04
0060739495,3.96
0385342047,3.72
0440221668,4.26
0804140413,3.71
074347418X,4.33
0345476131,3.86
0515121495,3.96
0060727217,3.99
0771064861,3.75
0425182134,3.84
0061176109,3.89
0345915593,4.08
162704017X,4.15
0380792648,4.00
0451233182,4.22
0385533411,3.25
1620610094,4.31
0764224735,4.15
1568650957,3.62
0062072064,4.15
0307377040,3.41
0425147584,4.05
0449214729,4.13
0399156585,4.28
1857231384,3.86
0345519477,4.02
0618750436,3.91
0575088877,3.83
1416979182,3.72
0345471172,3.93
0439568455,3.67
0446500046,4.32
0141439580,4.00
1451655789,3.90
0385733143,3.72
0375869026,4.45
0486424588,3.67
0553383051,3.86
0856761222,4.14
0061134104,4.04
0679436545,3.80
0312997191,3.93
156512569X,4.04
0152047387,3.83
034549038X,3.38
0061573132,3.82
0425256227,4.52
0340640146,3.70
0451526570,3.50
006074815X,4.18
0553278029,4.05
031237982X,3.93
0752865331,3.91
0385539088,3.83
1595547169,4.48
0553268929,4.14
0312934343,4.15
0451474708,4.04
0345459202,3.85
0439672449,3.78
0151012377,4.03
1501106406,4.10
0679744479,4.07
0143035304,3.96
0446579920,4.00
0062026518,4.18
0316225932,4.09
0544920953,3.49
0670019631,4.14
1595541209,3.94
0142000698,3.47
006232022X,4.32
1841498874,3.79
0593073894,3.98
1857988361,3.96
0140135154,3.83
1847445209,3.48
1416505067,4.08
0575099127,4.22
0425137562,4.14
0385339704,4.00
0553807145,3.72
0451207149,4.31
031621762X,4.17
1101990260,3.49
0545284104,3.69
0060872985,3.50
0061784788,4.17
0385739168,3.89
9993911550,4.19
0375834869,3.95
0553581554,4.19
0684852586,3.89
0670024961,4.29
0553278002,3.96
0345298349,4.04
0140156046,3.99
0743474155,4.24
0440222680,4.01
0099471434,3.86
0590133373,4.23
0374239215,3.61
0689878575,4.28
0060744510,4.28
0553582763,3.86
0544289595,4.26
0316175676,3.98
1582433542,3.98
0451159535,3.87
0375719202,3.82
1101874937,4.02
0752863886,4.11
1743342373,4.12
0671023187,4.31
140003342X,4.06
1416909834,3.95
0395570352,4.13
0805090037,4.28
1419717014,4.31
0751525359,3.85
0446696110,4.15
1461072514,4.04
1416978933,3.75
0671021001,3.88
009947915X,3.85
0670011835,3.73
0345419383,3.97
0062024035,4.20
0515141666,4.15
0375836578,3.93
031623107X,3.42
0735221081,3.78
1622662644,4.40
0312424671,3.95
0763618985,3.82
0446690449,4.13
0679879250,4.13
0694006513,4.18
0552151696,3.65
0140436588,3.75
0802720870,4.10
1847376177,4.17
0553580221,3.87
0758278438,4.04
0061843407,3.57
0060525630,4.40
0545259088,3.91
0312289510,4.24
0689862229,3.93
0143036432,4.27
0142402516,4.04
059044297X,4.12
0451458443,4.17
1250052386,4.31
0312351623,4.01
0394724550,4.17
0380727501,3.91
0786817879,3.84
0446401056,4.31
0439771242,4.07
0805094598,4.02
0345545834,4.21
1416563687,3.93
0446615862,3.99
0425213382,3.94
0553562738,4.03
0060594527,3.92
0062011995,4.07
0755328949,4.15
0316001929,3.67
0356502422,4.21
0670011460,3.71
0140255087,4.12
042523567X,3.72
0450031063,4.02
0142407577,3.98
0425098087,3.91
0300107897,4.31
141691420X,4.27
0385526350,2.86
0440241014,4.16
0316225886,4.25
0425180964,3.83
1101886692,3.84
037570342X,4.02
0312144075,4.13
0770437850,3.22
0312352565,4.11
0451222385,4.11
0330344951,4.10
0449214192,4.24
0345338545,4.22
1619636077,4.56
0515135062,4.05
0786942460,4.12
0393960420,3.75
0141357274,3.72
0345539842,4.49
0316899984,3.49
006221635X,3.71
0425190455,3.80
0553804685,4.24
0618001905,4.15
1402784031,4.06
1400031001,4.27
0679743626,3.87
0340830107,3.79
1401215815,4.04
0061720771,3.57
1622660757,4.40
1476706123,3.95
0743289412,3.68
0671732498,4.08
083081650X,4.29
0399157573,3.60
1101947136,4.42
0061779849,4.06
1613125348,4.23
0380782332,4.21
031253955X,4.08
1565125606,4.09
1400031605,4.19
0553381695,4.41
0099285045,4.04
1416543791,4.24
0141187166,3.82
044101819X,4.39
9799625726,3.82
0345423291,3.92
0778325504,4.17
0192750976,4.06
0142401099,4.02
0316210900,4.07
1250024633,4.26
0743496310,3.82
0451460413,3.93
0141009829,3.99
1416524304,3.96
0449911608,3.88
0515132187,3.97
0786813075,4.15
0671774670,3.69
0062110837,4.11
0525955100,4.18
0394800516,4.20
0399159371,4.21
0743275012,3.98
0060724277,3.74
1599908441,3.81
1250022134,4.42
0060555955,3.69
0446607207,3.95
0316234559,3.76
0345543858,4.18
140007780X,4.07
0593065700,4.12
0743474163,4.31
1439153663,4.20
0007271212,4.13
0006478964,4.17
1409522016,4.04
0425127583,3.79
0307959880,3.99
0786938250,4.17
0981546269,3.76
0385737432,3.81
0670035386,4.22
0062120395,4.00
0099771810,3.93
1844137872,3.84
0486431681,4.05
0571169341,4.19
1477808701,4.13
0553804693,4.23
0064440591,4.36
0671447548,4.12
0449912450,4.41
0345522486,4.21
0373210361,4.21
0679724532,3.93
0751514624,4.35
0449221512,3.93
0804178429,4.19
051512608X,3.92
0434017841,3.61
0590930028,4.14
0802142400,3.98
0316065765,3.96
190444248X,3.97
0446579939,4.12
0399244565,4.23
0060882077,4.05
0743496973,3.69
0802142842,3.86
034083384X,3.93
0439568471,3.84
0446354678,3.71
0312989768,3.65
0142421715,3.52
1416523723,3.12
0061797081,4.12
141692499X,4.24
039916443X,4.28
0060935766,4.15
1423101952,3.87
0061245089,4.17
1250045630,4.37
067173783X,4.17
0470581786,4.42
1476740488,4.27
0006498523,4.12
174348495X,4.47
1439156336,4.04
0425238199,4.28
0399155279,4.17
0062259652,4.02
0451200829,4.12
0734406940,4.33
0743454162,4.12
0312594445,3.98
0380726297,3.94
0312947062,4.13
0441001866,4.14
0543898083,3.65
0312546602,4.12
1400067685,3.57
1594634475,3.57
9380658674,3.72
0307279464,4.06
0312641893,4.15
0307957276,3.60
0446677124,4.06
0439858038,4.19
0786818697,4.35
0802142109,3.81
0062081861,3.91
0375725768,4.20
0007284977,3.69
1250000971,4.06
0307596907,3.31
0802123457,3.99
1593070950,4.20
0312939779,3.77
0446547654,3.93
0316059854,3.32
055381706X,4.10
0983157227,4.33
0395957753,4.21
1423168232,4.17
0886778441,4.02
0718155181,3.66
0061093327,3.97
0340752483,4.16
0062280708,3.80
0689829531,4.14
0786836547,4.10
0896214400,4.52
0575082453,4.18
0857520660,3.54
0195007778,4.27
0375500723,4.21
0684859238,3.56
0061229776,4.34
0743495667,3.79
185723135X,4.18
0007442912,4.04
0312263996,3.69
145161781X,3.75
0020248717,4.04
039330762X,4.35
0670020575,4.12
0842387439,4.35
014303541X,4.16
0060525126,3.83
0671869205,4.12
0345461665,4.31
1400065674,3.83
0425182878,4.24
0805090800,3.68
140006208X,3.83
1594486247,3.61
0553275720,3.91
0140168125,3.82
0553803719,4.17
1846558913,3.69
0345413997,4.01
1590388127,3.62
0316726192,3.25
1423160924,4.35
0307595110,3.54
0374299250,3.70
045146527X,4.27
0385526342,2.97
0062224107,3.59
0689865406,3.77
1455503061,3.74
0006280897,4.14
0060935782,4.12
0061043532,4.02
0316018783,4.00
0385613504,3.70
0007201788,4.35
0316231053,3.12
0141181362,4.05
0674017722,3.93
0060594772,4.15
0525950079,4.27
142333745X,4.37
0446694258,3.97
0515128635,4.09
1416954171,3.98
0060734086,3.88
0062002325,3.93
0747594155,4.11
0749311614,4.19
1416505415,4.18
0451207793,3.89
0307272095,3.67
0345533631,4.29
0394758269,4.07
0385344341,4.04
0375702709,3.95
0689872372,3.95
0007331789,4.30
0330411985,3.82
0142406635,4.22
0316074314,3.72
034548343X,3.84
0312360266,3.80
0425185508,3.54
0425098605,3.83
8807813025,4.18
0061988340,3.85
0809599813,3.90
142640607X,3.66
0440420059,4.01
038551851X,3.84
0385337639,3.88
1841493155,4.14
0312422156,4.00
0316113573,3.29
048641423X,4.04
0451450523,4.17
0345516109,3.90
0778324907,4.08
1250003326,4.02
1416500189,3.98
0061668125,4.18
0061779784,3.94
0449000621,3.92
1595540547,4.28
0062227327,3.77
0765332000,3.79
0440421853,3.76
038081093X,4.04
0345503805,4.26
0571225403,3.49
193481332X,4.17
0312304358,4.17
0743270606,3.61
0671010123,3.85
1416953574,3.75
0670034800,3.58
1476751447,3.60
0446580341,3.93
0810983915,4.16
0394758277,4.15
0312420331,3.61
0446615625,4.04
0140184937,3.94
0399229191,4.21
0316228532,3.30
0062071130,3.76
8424133498,4.24
0345418549,3.83
1400064562,3.97
0553567152,4.14
1857239016,4.03
068484477X,4.08
0020306652,4.01
0439829119,4.14
1250002826,4.35
0061007226,4.17
0307716546,3.80
0850515033,4.29
140130138X,4.28
0345425502,4.06
006156608X,4.01
0307265781,3.61
0571215165,3.59
0385338708,3.79
0756403146,3.93
0743484207,4.27
5559609129,3.52
0310266289,4.24
081299289X,3.62
0345498127,3.60
0061053716,4.16
0553262149,4.15